name,category,generic_name,form,unit_group,cost,price,stock_qty,notes
1CC INDOPLAS SYRINGE,Medical Devices & Consumables,,Syringe,Pieces,2.6,5,6,
3M 1/2 x10 Micropore tape,First Aid,,Tape,Roll,28.85,38,16,
3M 1INCH Micropore tape,First Aid,,Tape,Roll,51,66,12,
4COUGH 250MG/60ML (CARBOCISTEINE),Cough & Cold,CARBOCISTEINE,Piece,Pieces,18,50,0,no_stock
4NAZAL drops Phenylpropanolamine,Allergy & Sinus,,Drops,Liquid,13,35,0,no_stock
ABDOPEN 10MG (DOMPERIDONE),Digestive Health,DOMPERIDONE,Piece,Pieces,0.85,3,0,no_stock
ACCEBACT OINT.(MUPIROCIN),Skin Care,MUPIROCIN,Ointment,Topical,42,150,0,no_stock
ACCEDOME 5MG/5ML SUSP.(DOMPERIDONE),Digestive Health,DOMPERIDONE,Suspension,Liquid,50,114,3,
ACCELLAC 60ml (Lactulose),Digestive Health,Lactulose,Piece,Pieces,82,180,2,was_negative_stock
ACCETODEX OPHT. (TOBRA+DEXA),Eye & Ear Care,TOBRA+DEXA,Piece,Pieces,100,220,0,no_stock
ACEITE ALCAMPORADO 25ML (IPI),Pain Relief,IPI,Piece,Pieces,12.9,18,5,
ACEITE ALCAMPORADO 50ML (IPI),Pain Relief,IPI,Piece,Pieces,20.58,28,3,
ACEITE DE MANZANILLA 25ML (IPI),Pain Relief,IPI,Piece,Pieces,14.9,20,8,was_negative_stock
ACEITE DE MANZANILLA 50ML (IPI),Pain Relief,IPI,Piece,Pieces,20.42,35,5,was_negative_stock
ACETYPHIL (ACETYLCYSTEINE) 600mg,Cough & Cold,ACETYLCYSTEINE,Piece,Pieces,9.5,30,36,
ACF(ACECLOFENAC) 100mg,Pain Relief,ACECLOFENAC,Piece,Pieces,7,14,78,
ACIFLAM 50MG/60ML (MEFENAMIC),Pain Relief,MEFENAMIC,Piece,Pieces,17.5,50,0,no_stock
ACRESIL 150mg (Clindamycin),Antibiotics,Clindamycin,Piece,Pieces,2.9,6,0,no_stock
ACYDEN 600MG (ACETYL CYSTEINE),Cough & Cold,ACETYL CYSTEINE,Piece,Pieces,9,30,0,no_stock; was_negative_stock
ADHESIVE WOUND DRESSINGS,First Aid,,Piece,Pieces,48,70,40,
ADSORBED 40IU/.5ML (Tetanus Toxoid),Antibiotics,Tetanus Toxoid,Piece,Pieces,63,125,3,
ADVAN (PREGNANCY TEST),Medical Devices & Consumables,PREGNANCY TEST,Piece,Pieces,7,46,104,
ADVIL 200mg  (Ibuprofen),Pain Relief,Ibuprofen,Piece,Pieces,7.89,10,58,was_negative_stock
AEROX 500mg (Cefuroxime),Antibiotics,Cefuroxime,Piece,Pieces,8.5,30,0,no_stock; was_negative_stock
AGLIC MR 30MG (GLICLAZIDE),Diabetes Care,GLICLAZIDE,Piece,Pieces,2.33,6,0,no_stock
AGORAM 50MG (TRAMADOL),Pain Relief,TRAMADOL,Piece,Pieces,1.15,3,70,
AGUAPER 120ml (Hydrogen peroxide),First Aid,Hydrogen peroxide,Piece,Pieces,17,41,12,was_negative_stock
AGUAPER 60ml (Hydrogen peroxide),First Aid,Hydrogen peroxide,Piece,Pieces,14,28,6,
AKOTO KOJIC SOAP 65X3,Skin Care,,Soap,Pieces,84.83,112,0,no_stock
ALASKA MILK 33G,Food & Beverages,,Piece,Pieces,8.25,11,0,no_stock
ALAXAN FR 5+1 (PARACETAMOL+ IBUPROFEN),Pain Relief,PARACETAMOL+ IBUPROFEN,Piece,Pieces,40.02,47,0,no_stock; was_negative_stock
ALAXAN XTRA (Ibupro+Paracetamol),Pain Relief,Ibupro+Paracetamol,Piece,Pieces,8.04,11,63,was_negative_stock
ALCOHOL pad,First Aid,,Pad,Pieces,0.88,2,165,
ALCOPLUS SPRAY 330ML (ETHYL),Personal Care,ETHYL,Spray,Liquid,75.25,98,0,no_stock; was_negative_stock
ALDOMET 250mg (Methyldopa),Heart Health,Methyldopa,Piece,Pieces,21.36,27,10,
ALGINA liquid 10ml (s.alginate+bicarbonate+cal.carbonat),Digestive Health,s.alginate+bicarbonate+cal.carbonat,Piece,Pieces,35.46,41,15,
ALIBABA 30G,Food & Beverages,,Piece,Pieces,5,8,0,no_stock
ALISKATI (CALAMINE+ZINC OXIDE),Skin Care,CALAMINE+ZINC OXIDE,Piece,Pieces,12.5,32,4,
ALKALINSE 1080mg (Potassium Citrate),Heart Health,Potassium Citrate,Piece,Pieces,4.33,8.5,62,
ALLECUR 2.5mg/ml drops 10ml (Cetirizine),Allergy & Sinus,Cetirizine,Drops,Liquid,20,62,2,was_negative_stock
ALLECUR 5mg/5ml 60ml (Cetirizine),Allergy & Sinus,Cetirizine,Piece,Pieces,20.85,90,0,no_stock; was_negative_stock
ALLERKID 2.5mg drops (Cetirizine),Allergy & Sinus,Cetirizine,Drops,Liquid,203.96,235,9,
ALLERKID 5mg/30ml (Cetirizine),Allergy & Sinus,Cetirizine,Piece,Pieces,186.31,215,2,
ALLERKID 5mg/60ml (Cetirizine),Allergy & Sinus,Cetirizine,Piece,Pieces,294.29,339,3,was_negative_stock
ALLERMAX 4mg (Chlorphenamine),Allergy & Sinus,Chlorphenamine,Piece,Pieces,0.29,2,118,
ALLERMAX 60ML (CHLORPHENAMINE),Allergy & Sinus,CHLORPHENAMINE,Piece,Pieces,14.5,50,0,no_stock
ALLERTA 10mg tab (Loratadine),Allergy & Sinus,Loratadine,Tablet,Pieces,24.29,28,30,
ALLERZET 60ml (Levocetirizine),Allergy & Sinus,Levocetirizine,Piece,Pieces,235.8,265,3,
ALLOPURINOL 300MG (DM) TABLET,Diabetes Care,DM,Tablet,Pieces,2.5,5.5,2,
ALLUPREX 300mg (Allopurinol),Diabetes Care,Allopurinol,Piece,Pieces,1.7,3.5,92,
ALMORANZ 450/50MG(DIOSMIN+HESPERIDIN),Heart Health,DIOSMIN+HESPERIDIN,Piece,Pieces,7.67,20,0,no_stock
ALNIX  syrup 30ml (Cetirizine),Allergy & Sinus,Cetirizine,Syrup,Liquid,187.34,216,9,
ALNIX  tab (Cetirizine),Allergy & Sinus,Cetirizine,Tablet,Pieces,33.37,38.5,38,was_negative_stock
ALNIX 60ml (CETIRIZINE),Allergy & Sinus,CETIRIZINE,Piece,Pieces,280.86,323,4,
ALNIX drops (Cetirizine),Allergy & Sinus,Cetirizine,Drops,Liquid,216.29,249,5,
ALNIX PLUS 60ml (CETIRIZINE),Allergy & Sinus,CETIRIZINE,Piece,Pieces,338.71,390,3,
ALNIX PLUS tab (Cetirizine+Phenyl),Allergy & Sinus,Cetirizine+Phenyl,Tablet,Pieces,27.74,32,37,
ALTHEA Cypro+Ethinyl Pills,Personal Care,,Piece,Pieces,426.8,491,3,was_negative_stock
AMBICAL (Calcium carbonate),Vitamins & Supplements,Calcium carbonate,Piece,Pieces,0.65,2,97,was_negative_stock
AMBIDAZOL 125mg/60ml (Metronidazole),Antibiotics,Metronidazole,Piece,Pieces,17.55,46,2,was_negative_stock
AMBIMOX 500mg cap. (Amoxicillin),Antibiotics,Amoxicillin,Capsule,Pieces,1.43,5,330,was_negative_stock
AMBIRETIC 500mg (Paracetamol),Pain Relief,Paracetamol,Piece,Pieces,0.48,2,0,no_stock
AMBROXYL 30MG,Cough & Cold,,Piece,Pieces,0,7,0,no_stock
AMCETAM 300MG/2ML AMPULE (PARACETAMOL),Pain Relief,PARACETAMOL,Injection,Pieces,8,30,4,
AMCOVIT TAB. (VIT. B COMPLEX),Vitamins & Supplements,VIT. B COMPLEX,Tablet,Pieces,0.96,3.5,177,was_negative_stock
AMECIRON (Ferrous+Folic),Vitamins & Supplements,Ferrous+Folic,Piece,Pieces,1,2.5,100,was_negative_stock
AMLIFE 100/10MG (Amlo+Losar),Heart Health,Amlo+Losar,Piece,Pieces,35.85,42,88,
AMLIFE 50/5MG (Amlo+Losar ),Heart Health,Amlo+Losar,Piece,Pieces,31.04,36,90,
AMOCLAV 625MG (CO-AMOXICLAV),Antibiotics,CO-AMOXICLAV,Piece,Pieces,55.82,65,56,
AMPALAYA Plus,Vitamins & Supplements,,Piece,Pieces,6.83,9,38,
AMVASC 5mg (Amlodipine),Heart Health,Amlodipine,Piece,Pieces,20.18,24,30,
AMZIPRO 500MG (AZITHROMYCIN),Antibiotics,AZITHROMYCIN,Piece,Pieces,9.33,75,0,no_stock
ANGEL 50MG (LOSARTAN),Heart Health,LOSARTAN,Piece,Pieces,1.62,4.5,750,was_negative_stock
ANGIOFLO PLUS 50/5 (AMLO+LOSARTAN),Heart Health,AMLO+LOSARTAN,Piece,Pieces,3.8,11,1,
ANGISARTAN 50mg (Losartan),Heart Health,Losartan,Piece,Pieces,0.9,4.5,119,was_negative_stock
ANMUM CHOCO 180G,Food & Beverages,,Piece,Pieces,192.82,251,2,
ANMUM CHOCO 375g,Food & Beverages,,Piece,Pieces,391.02,391,1,
ANMUM PLAIN  375g,Food & Beverages,,Piece,Pieces,391.02,453,2,
ANMUM PLAIN 180G,Food & Beverages,,Piece,Pieces,0,251,1,
APCEE DROPS 15ML (ASCORBIC ACID),Vitamins & Supplements,ASCORBIC ACID,Drops,Liquid,15,35,0,no_stock
APLOSYN Otic Drops 5ml,Eye & Ear Care,,Drops,Liquid,371.07,427,2,was_negative_stock
APOLLO 25g (Petroleum Jelly),Skin Care,Petroleum Jelly,Piece,Pieces,45,59,2,was_negative_stock
APOLLO 50g (Petroleum Jelly),Skin Care,Petroleum Jelly,Piece,Pieces,65,85,5,was_negative_stock
APPEBON CHEWABLE,Baby & Child Care,,Piece,Pieces,4.72,6,20,
APPEBON KID syrup 60ml,Baby & Child Care,,Syrup,Liquid,115.18,132.5,4,was_negative_stock
APPEBON with iron 60ml,Vitamins & Supplements,,Piece,Pieces,318.27,366,3,
APPEBON with Iron cap,Vitamins & Supplements,,Capsule,Pieces,26.25,31,32,
APPETASON 120ml (Multivit+iron+lysine),Vitamins & Supplements,Multivit+iron+lysine,Piece,Pieces,198,258,2,
APPETASON 60ml (Multivit+iron+lysine),Vitamins & Supplements,Multivit+iron+lysine,Piece,Pieces,145.5,168,2,
APPETASON cap (Vit Bcomplex+iron+bucli),Vitamins & Supplements,Vit Bcomplex+iron+bucli,Capsule,Pieces,13.5,18,90,
ARCOXIA 120MG (ETORICOXIB),Pain Relief,ETORICOXIB,Piece,Pieces,78.45,90,22,
ARCOXIA 90MG (ETORICOXIB),Pain Relief,ETORICOXIB,Piece,Pieces,63.06,73,18,
ARM SLING M,Medical Devices & Consumables,,Piece,Pieces,42,55,2,
ARTAZIDE 50/12.5MG (LOSAR +HCTZ),Heart Health,LOSAR +HCTZ,Piece,Pieces,1.25,5,0,no_stock; was_negative_stock
ASCOF FORTE 600mg (Lagundi),Cough & Cold,Lagundi,Piece,Pieces,6.74,8.5,15,
ASCOF FORTE 600mg/120ml (Lagundi),Cough & Cold,Lagundi,Piece,Pieces,165.91,198,3,was_negative_stock
ASCOF FORTE 600mg/60ml (Lagundi),Cough & Cold,Lagundi,Piece,Pieces,121.2,139.5,1,
ASCOF KIDS 300mg/120ml (Lagundi),Cough & Cold,Lagundi,Piece,Pieces,128.17,148,2,
ASCOF KIDS 300mg/60ml (Lagundi),Cough & Cold,Lagundi,Piece,Pieces,90.16,106.25,1,
ASMALIN 60ml  (SALBUTAMOL),Cough & Cold,SALBUTAMOL,Piece,Pieces,163.54,188,14,
ASMALIN Ampoules 1mg 2.5ml (Salbutamol),Cough & Cold,Salbutamol,Injection,Pieces,37.98,44,23,
ASPEC -EC 100MG (ASPIRIN ),Heart Health,ASPIRIN,Piece,Pieces,2.4,6,121,
ASPILET 80mg(Aspirin) tablet,Heart Health,Aspirin,Tablet,Pieces,39.88,5,29,
ATC BITTER GO 550MG,Vitamins & Supplements,,Piece,Pieces,7.2,8.5,60,
ATC FISH OIL,Vitamins & Supplements,,Piece,Pieces,5.85,8,74,was_negative_stock
ATC SPIRULINA 500MG,Vitamins & Supplements,,Piece,Pieces,6.3,7.5,30,
ATC VITAMIN E 500MG,Vitamins & Supplements,,Piece,Pieces,6.3,8.5,75,
ATORBET 10MG(ATORVASTATIN),Heart Health,ATORVASTATIN,Piece,Pieces,1.35,3.5,0,no_stock
ATORMED 10MG (ATORVASTATIN),Heart Health,ATORVASTATIN,Piece,Pieces,1.05,3.5,1,
ATUSSIN 50MG (BUTAMIRATE CITRATE),Cough & Cold,BUTAMIRATE CITRATE,Piece,Pieces,18,21,85,
AUROHEX 5mg (Montelukast),Allergy & Sinus,Montelukast,Piece,Pieces,4,16,29,
AURORA 10MG (ROSUVASTATIN ),Heart Health,ROSUVASTATIN,Piece,Pieces,4.2,7,0,no_stock
Axe Dark Temp. Spray 50ml,Personal Care,,Spray,Liquid,102.54,129,1,was_negative_stock
Axe Gold Temp. Spray 50ml,Personal Care,,Spray,Liquid,102.54,129,4,was_negative_stock
AXMEL(Amoxicillin)250mg cap,Antibiotics,Amoxicillin,Capsule,Pieces,2.19,4.5,64,was_negative_stock
AZIBIAL 500MG (AZITHROMYCIN),Antibiotics,AZITHROMYCIN,Piece,Pieces,10,75,0,no_stock
AZITHRONOVA 500MG (AZITHROMYCIN),Antibiotics,AZITHROMYCIN,Piece,Pieces,33,75,9,
AZITOBACT 500MG (AZITHROMYCIN),Antibiotics,AZITHROMYCIN,Piece,Pieces,34,75,0,no_stock; was_negative_stock
AZITRITEC 500MG (AZITHROMYCIN),Antibiotics,AZITHROMYCIN,Piece,Pieces,42,75,18,
AZMONT 10mg(Montelukast),Allergy & Sinus,Montelukast,Piece,Pieces,1,6,202,
BABAPRESS 16MG (CANDESARTAN),Heart Health,CANDESARTAN,Piece,Pieces,6,11,2,
BABAPRESS 8mg (Candesartan),Heart Health,Candesartan,Piece,Pieces,4.67,9,30,
BABY BENCH COL. 50ml (COTTON CANDY),Baby & Child Care,COTTON CANDY,Cotton,Pieces,34.56,43,0,no_stock; was_negative_stock
BABY BENCH COL. 50ML (GUMMY BEAR LILAC),Baby & Child Care,GUMMY BEAR LILAC,Piece,Pieces,34.56,43,0,no_stock
BABY BENCH COL. 50ML(BUBBLEGUM PINK),Baby & Child Care,BUBBLEGUM PINK,Piece,Pieces,34.56,43,0,no_stock; was_negative_stock
BABY BENCH COL.50ML (JELLY BEAN GREEN),Baby & Child Care,JELLY BEAN GREEN,Piece,Pieces,34.56,43,0,no_stock
BABY BENCH COL.50ML (LEMON DROPS YELLOW),Baby & Child Care,LEMON DROPS YELLOW,Drops,Liquid,34.56,43,0,no_stock
BABY BENCH COL.50ML (POPSICLE VIOLET),Baby & Child Care,POPSICLE VIOLET,Piece,Pieces,34.56,43,0,no_stock
BABY BOTTLE 5'OZ(BPA),Baby & Child Care,BPA,Bottle,Liquid,0,75,6,
BABY BOTTLE 8'OZ(BPA),Baby & Child Care,BPA,Bottle,Liquid,39.33,85,7,
BABY FLO PACIFIER,Baby & Child Care,,Piece,Pieces,27.66,36,21,
BABYFLO POWDER BLUE 25G,Baby & Child Care,,Powder,Pieces,18,23,0,no_stock
BACTICOX 625MG (CO-AMOXICLAV),Antibiotics,CO-AMOXICLAV,Piece,Pieces,8.22,25,22,
Bactidol 120ml,Personal Care,,Piece,Pieces,212.14,257,5,
Bactidol 60ml,Personal Care,,Piece,Pieces,120.24,156,4,was_negative_stock
BACTIDOL HONEY LEMON 8s (Lozenges),Personal Care,Lozenges,Lozenges,Pieces,64.75,83,6,was_negative_stock
BACTIDOL ORANGE 8s (Lozenges),Personal Care,Lozenges,Lozenges,Pieces,62.75,83,4,was_negative_stock
Bactidol Syrup 60ml Heavy Phlegm (Guai+Brom),Personal Care,Guai+Brom,Syrup,Liquid,113.83,133,5,was_negative_stock
Bactidol Syrup 60ml Itchy cough (Guai+Brom),Personal Care,Guai+Brom,Syrup,Liquid,123.36,145,5,was_negative_stock
BACTIGRAS GAUZE PAD,First Aid,,Pad,Pieces,62,78,0,no_stock
BACTROBAN OINTMENT 5G(MUPIROCIN),Skin Care,MUPIROCIN,Ointment,Topical,386.24,445,1,
BACTROMED 5G (MUPIROCIN),Skin Care,MUPIROCIN,Piece,Pieces,35,150,4,was_negative_stock
BALLPEN 4IN1,General (Stationery),,Piece,Pieces,20,35,0,no_stock
BAND AID PLASTIC STRIPS,First Aid,,Piece,Pieces,1.44,2,0,no_stock
DRAINAGE BAG (PARTNERS),Medical Devices & Consumables,PARTNERS,Piece,Pieces,0.0,0.0,5,MISSING; CALCULATED
BANDAGE Scissors 3 1/2 secheron,First Aid,,Bandage,Pieces,64,80,1,
BANDAGE Scissors 5 1/2 secheron,First Aid,,Bandage,Pieces,75,95,0,no_stock
BANDAID WATERPROOF,First Aid,,Piece,Pieces,1.08,3,4,
BBW PAPER BAG,Personal Care,,Piece,Pieces,20,30,4,
BEAR BRAND SWAK 33G,Food & Beverages,,Piece,Pieces,11.5,15,0,no_stock
BEARBRAND SWAK CHOCO,Food & Beverages,,Piece,Pieces,11.25,15,0,no_stock; was_negative_stock
BEISARTAN 40MG (TELMISARTAN),Heart Health,TELMISARTAN,Piece,Pieces,2.33,8,3,
BEISARTAN 80MG (TELMISARTAN),Heart Health,TELMISARTAN,Piece,Pieces,3.73,11,0,no_stock
BENADRYL 60ML (Diphenhydramine),Allergy & Sinus,Diphenhydramine,Piece,Pieces,167.62,193,2,
BEROCCA tab 10s,Vitamins & Supplements,,Tablet,Pieces,206.42,240,4,was_negative_stock
BEROCCA tab 15s,Vitamins & Supplements,,Tablet,Pieces,289.86,333,2,
BETADINE  15ml (Povidone),First Aid,Povidone,Piece,Pieces,64.88,84,6,
BETADINE  25ml (Povidone),First Aid,Povidone,Piece,Pieces,78.95,103,7,
BETADINE  60ml (Povidone),First Aid,Povidone,Piece,Pieces,152.15,198,11,was_negative_stock
BETADINE 7.5ml (Povidone),First Aid,Povidone,Piece,Pieces,35.64,46,7,was_negative_stock
BETADINE Fem wash 25ml,First Aid,,Piece,Pieces,61.08,89,3,was_negative_stock
BETADINE Fem wash 50ml,First Aid,,Piece,Pieces,112.28,146,4,was_negative_stock
BETADINE Gargle 60ml,First Aid,,Piece,Pieces,119.74,156,9,
BETADINE Nasal Spray 20ml,First Aid,,Spray,Liquid,315.54,360,0,no_stock
BETADINE TSpray 50ml,First Aid,,Spray,Liquid,545.85,638,0,no_stock
BETASOL 60ml (POVIDONE IODINE),First Aid,POVIDONE IODINE,Piece,Pieces,42,65,16,
BETAZAR 16MG (BETAHISTINE ),Heart Health,BETAHISTINE,Piece,Pieces,2.7,15,56,
BETAZAR 24MG (BETAHISTINE),Heart Health,BETAHISTINE,Piece,Pieces,8.2,24,18,
BETET BALM,First Aid,,Piece,Pieces,31.96,44,0,no_stock
BETNODERM CREAM 5G (BETAMETHASONE),Skin Care,BETAMETHASONE,Cream,Topical,28,150,1,
BETTAM 400MG (Tamsulosin),Heart Health,Tamsulosin,Piece,Pieces,7.33,15,0,no_stock
BETZINE 16mg (Betahistine),Heart Health,Betahistine,Piece,Pieces,3.2,15,0,no_stock
BETZINE 24mg(Betahistine) tablet,Heart Health,Betahistine,Tablet,Pieces,9.8,24,0,no_stock
BETZINE 8MG (BETAHISTINE),Heart Health,BETAHISTINE,Piece,Pieces,3,8,100,
BEWELL C 100MG/120ML,Vitamins & Supplements,,Piece,Pieces,126.69,145,3,was_negative_stock
BEWELL C DROPS 30ML,Vitamins & Supplements,,Drops,Liquid,125.8,145,5,
BEWELL C ZINC PRO. CAP,Vitamins & Supplements,,Capsule,Pieces,6.38,8,90,was_negative_stock
BEWELL-C  CAP.500mg,Vitamins & Supplements,,Capsule,Pieces,5.1,7,60,was_negative_stock
BICARNATE 650MG (Sodium bicarbonate),Digestive Health,Sodium bicarbonate,Piece,Pieces,1.08,5,28,
BIG CUPS馃 AVOCADO,Food & Beverages,,Piece,Pieces,25.5,33,3,
BIG CUPS馃崼CHOCOLATE,Food & Beverages,,Piece,Pieces,25.5,33,0,no_stock
BIG CUPS馃崍MELON,Food & Beverages,,Piece,Pieces,25.5,33,0,no_stock; was_negative_stock
BIG CUPS馃煟馃UBE KESO,Food & Beverages,,Piece,Pieces,25.5,33,0,no_stock
BIGEN Black,Personal Care,,Piece,Pieces,64.68,84,2,was_negative_stock
BIGEN Brown black,Personal Care,,Piece,Pieces,64.68,84,1,
BIGEN Chestnut Brown,Personal Care,,Piece,Pieces,64.68,84,3,was_negative_stock
BIGEN Dark Brown,Personal Care,,Piece,Pieces,65.68,84,5,
BINDER ABDOMINAL,Medical Devices & Consumables,,Piece,Pieces,130,180,1,
BINGO Double choco,Food & Beverages,,Piece,Pieces,5.95,8,8,was_negative_stock
BINGO orange,Food & Beverages,,Piece,Pieces,5.73,8,8,
BINGO Vanilla,Food & Beverages,,Piece,Pieces,5.73,8,10,
BIODERM OINTMENT TIN 5g,Skin Care,,Ointment,Topical,19.1,27,0,no_stock
BIODERM OINTMENT TUBE 5g,Skin Care,,Ointment,Topical,20.48,26,0,no_stock
BIODERM soap Bloom PINK 135g,Skin Care,,Soap,Pieces,40.18,53,7,
BIODERM soap Coolness BLUE 135g,Skin Care,,Soap,Pieces,41.26,54,3,was_negative_stock
BIODERM soap Freshen GREEN 135g,Skin Care,,Soap,Pieces,40.18,53,3,
BIODERM soap Pristine WHITE 135g,Skin Care,,Soap,Pieces,38.22,50,0,no_stock
BIOFITEA,Vitamins & Supplements,,Piece,Pieces,5.8,8,146,was_negative_stock
BIOFLU (Phenyl+chlor+para),Cough & Cold,Phenyl+chlor+para,Piece,Pieces,8.72,10,298,
BIOFLU 7+1 ( Phenyl+chlor+para ),Cough & Cold,Phenyl+chlor+para,Piece,Pieces,59.05,70,86,was_negative_stock
BIOGENIC SPRAY 330ML 70%,Cough & Cold,,Spray,Liquid,66.34,86,1,
BIOGENIC SPRAY 50ML 70%,Cough & Cold,,Spray,Liquid,25.25,33,0,no_stock
BIOGESIC 250mg/60ml orange (Paracetamol),Pain Relief,Paracetamol,Piece,Pieces,163.07,189,6,
BIOGESIC 500mg tab (Paracetamol),Pain Relief,Paracetamol,Tablet,Pieces,4.71,7,2554,
BIOGESIC 8+2 ( Paracetamol ),Pain Relief,Paracetamol,Piece,Pieces,34.29,48,0,no_stock
BIOGESIC drops 15ml (Paracetamol),Pain Relief,Paracetamol,Drops,Liquid,87.29,101,12,
BIOGESIC orange 120mg/60ml (Paracetamol),Pain Relief,Paracetamol,Piece,Pieces,103.75,120,7,
BIRCH TREE ADULT 33G,Baby & Child Care,,Piece,Pieces,13.75,18,0,no_stock
Bite block KIDS 100ml,Baby & Child Care,,Piece,Pieces,154,193,0,no_stock
BL Cream,Skin Care,,Cream,Topical,34.64,46,50,was_negative_stock
Cosmed inset (adult),Medical Devices & Consumables,adult,Piece,Pieces,0.0,0.0,2,MISSING; CALCULATED
Cosmed inset (pedia),Medical Devices & Consumables,pedia,Piece,Pieces,0.0,0.0,1,MISSING; CALCULATED
BL SOAP 115g,Personal Care,,Soap,Pieces,48.35,63,5,was_negative_stock
BLOOD TRANSFUSION SET (COSMED),Medical Devices & Consumables,COSMED,Piece,Pieces,39,100,5,
Blouse (Gantsilyo ni owa),Personal Care,Gantsilyo ni owa,Piece,Pieces,0,750,3,
Bonakid PRE SCHOOL 3+ 2.4KG,Baby & Child Care,,Piece,Pieces,1210.28,1248,1,
BONAMINE 12.5mg (Meclizine),Allergy & Sinus,Meclizine,Piece,Pieces,10.11,12,81,
BONAMINE 25mg (Meclizine),Allergy & Sinus,Meclizine,Piece,Pieces,13.95,16,44,was_negative_stock
BONITA BATHROOM TISSUE,Personal Care,,Piece,Pieces,10,15,18,
BP SINNOCARE APPARATUS DIGITAL,Medical Devices & Consumables,,Piece,Pieces,850,1300,0,no_stock
BRAVO 600mg,Vitamins & Supplements,,Piece,Pieces,127.5,160,6,was_negative_stock
BREAD PAN BUTTERED TOAST,Food & Beverages,,Piece,Pieces,6.9,9,0,no_stock; was_negative_stock
BREAD PAN CHEESE & ONION,Food & Beverages,,Piece,Pieces,6.5,9,1,
BREAD STICK CHEESE,Food & Beverages,,Piece,Pieces,5.88,8,0,no_stock
BREAD STICKS 20g (NISSIN),Food & Beverages,NISSIN,Piece,Pieces,5.88,8,5,was_negative_stock
BREAST PUMP (DOHEBABY),Baby & Child Care,DOHEBABY,Piece,Pieces,70,100,5,
BREZU SYR 60ML,Cough & Cold,,Syrup,Liquid,202.4,233,3,
BROWN ENVELOPE(L),General (Stationery),L,Piece,Pieces,3,7,0,no_stock
BROWN ENVELOPE(S),General (Stationery),S,Piece,Pieces,2,5,6,
BURN United Home (Ben+boacd+euca),First Aid,Ben+boacd+euca,Piece,Pieces,136.62,157,3,
BUSCOPAN (Hyoscine n-butylbromide),Digestive Health,Hyoscine n-butylbromide,Piece,Pieces,31.73,37,0,no_stock; was_negative_stock
BUSCOPAN PLUS (Hyoscine n-butylbromide),Digestive Health,Hyoscine n-butylbromide,Piece,Pieces,37.4,44,3,was_negative_stock
BUSCOPAN VENUS (Hyoscine+Para),Digestive Health,Hyoscine+Para,Piece,Pieces,37.4,43,24,
BUTACOD FORTE TAB. (BUTAMIRATE CITRATE),Cough & Cold,BUTAMIRATE CITRATE,Tablet,Pieces,7.8,16,1,
BUTAMOL 2mg/5ml 60ml (Salbutamol),Cough & Cold,Salbutamol,Piece,Pieces,13.8,45,4,
BUTAMOL PLUS 60ml (Salbu+Guai),Cough & Cold,Salbu+Guai,Piece,Pieces,18,45,0,no_stock; was_negative_stock
BUTTER COCONUT 28G(NISSIN),Food & Beverages,NISSIN,Piece,Pieces,5.73,8,15,was_negative_stock
BUTTER COCONUT 90G(NISSIN),Food & Beverages,NISSIN,Piece,Pieces,21.25,28,3,was_negative_stock
CALCIGARD 10MG (NIFEDIPINE),Heart Health,NIFEDIPINE,Piece,Pieces,2.35,7,109,
CALCIGARG 5MG (NIFEDIPINE),Heart Health,NIFEDIPINE,Piece,Pieces,1.75,5,100,
Calciumade tab,Vitamins & Supplements,,Tablet,Pieces,9.66,11,127,
CALMOSEPTINE (Zinc oxide+Calamine),Skin Care,Zinc oxide+Calamine,Piece,Pieces,38,49,17,was_negative_stock
CALPOL 120mg60ml (Paracetamol),Pain Relief,Paracetamol,Piece,Pieces,87.75,105,3,
CALPOL 250mg60ml (Paracetamol),Pain Relief,Paracetamol,Piece,Pieces,197.55,159,2,was_negative_stock
CALPOL Drops (Paracetamol),Pain Relief,Paracetamol,Drops,Liquid,88.15,107,6,
CALTRATE advance tab,Vitamins & Supplements,,Tablet,Pieces,8.46,10,64,
CALTRATE advance tab 30s,Vitamins & Supplements,,Tablet,Pieces,240.59,280,2,
CALTRATE SILVER ADV. 30'S,Vitamins & Supplements,,Piece,Pieces,294,338,2,
CALTRATE Silver Advance,Vitamins & Supplements,,Piece,Pieces,10.25,12,42,was_negative_stock
CANDESAPH-16 (CANDESARTAN ),Heart Health,CANDESARTAN,Piece,Pieces,5.2,11,0,no_stock; was_negative_stock
Candesartan 16mg (CANDEZ),Heart Health,CANDEZ,Piece,Pieces,35.19,45.25,0,no_stock
Candesartan 8mg (CANDESAPH-8),Heart Health,CANDESAPH-8,Piece,Pieces,4.6,8,7,
CANESTEN 10g cream (Clotrimazole),Skin Care,Clotrimazole,Cream,Topical,337.56,388,2,
CANESTEN 3g cream (Clotrimazole),Skin Care,Clotrimazole,Cream,Topical,122.43,152,3,was_negative_stock
Carbamazepine 200mg tab (MEZACAR),Heart Health,MEZACAR,Tablet,Pieces,3.5,8,0,no_stock; was_negative_stock
CARBASTAL 200MG (CARBAMAZEPINE),Heart Health,CARBAMAZEPINE,Piece,Pieces,2.65,8,35,
CASINO 150ml Femme,Personal Care,,Piece,Pieces,30.46,40,5,
CASINO 250ml Femme,Personal Care,,Piece,Pieces,42.97,56,3,was_negative_stock
CASINO 500ml Femme,Personal Care,,Piece,Pieces,80.42,105,7,was_negative_stock
CASINO REG. 250ML ALCOHOL,Personal Care,,Piece,Pieces,40.16,58,6,was_negative_stock
CASINO REG. 500ml,Personal Care,,Piece,Pieces,72.17,110,6,was_negative_stock
CASINO REG. 70% 150ML,Personal Care,,Piece,Pieces,30.51,41,6,
CASTOR OIL 30ML,First Aid,,Piece,Pieces,27,35,12,
CATAMED 75mcg (Clonidine),Heart Health,Clonidine,Piece,Pieces,4.4,10,198,was_negative_stock
CATAPRES 150mcg (Clonidine),Heart Health,Clonidine,Piece,Pieces,51.75,59.5,8,
CATAPRES 75mcg (Clonidine),Heart Health,Clonidine,Piece,Pieces,36.68,42.25,20,
CEASCOL 125/60ml (Carbocisteine),Cough & Cold,Carbocisteine,Piece,Pieces,17.5,42.5,8,
CEASCOL 250mg/60ml (Carbocisteine),Cough & Cold,Carbocisteine,Piece,Pieces,19.75,55,7,
CEASCOL drops (Carbocisteine),Cough & Cold,Carbocisteine,Drops,Liquid,15,36.5,9,
CEELIN 120ml(ASCORBIC ACID) SYRUP,Vitamins & Supplements,ASCORBIC ACID,Syrup,Liquid,133.66,154,0,no_stock
CEELIN 15ml drops (Ascorbic acid),Vitamins & Supplements,Ascorbic acid,Drops,Liquid,79.45,92,11,
CEELIN 250ml(Ascorbic acid) syrup,Vitamins & Supplements,Ascorbic acid,Syrup,Liquid,258.99,298,2,
CEELIN 30ml drops (Ascorbic acid),Vitamins & Supplements,Ascorbic acid,Drops,Liquid,139.62,161,5,was_negative_stock
CEELIN 60ml (Ascorbic acid)syrup,Vitamins & Supplements,Ascorbic acid,Syrup,Liquid,66.18,79,11,
CEELIN chewable tab 30s (ASCORBIC ACID),Vitamins & Supplements,ASCORBIC ACID,Tablet,Pieces,187.5,216,2,
CEELIN GUMMIES 1'S,Vitamins & Supplements,,Piece,Pieces,5.94,9,11,
CEELIN GUMMIES 1's W/ ZINC,Vitamins & Supplements,,Piece,Pieces,8.5,10,6,was_negative_stock
CEELIN Gummies 30s,Vitamins & Supplements,,Piece,Pieces,226.17,260,12,
CEELIN GUMMIES W/ ZINC 30's,Vitamins & Supplements,,Piece,Pieces,254.72,296,1,was_negative_stock
CEELIN IMMUNPED 100ML SYRP,Vitamins & Supplements,,Syrup,Liquid,419.81,483,4,
CEELIN PLUS 120ML (ASCORBIC ACID+ZINC),Vitamins & Supplements,ASCORBIC ACID+ZINC,Piece,Pieces,167.34,195,2,was_negative_stock
CEELIN PLUS 15ml DROPS (Ascorbic Acid+zinc),Vitamins & Supplements,Ascorbic Acid+zinc,Drops,Liquid,96.41,111,15,
CEELIN PLUS 250ml (Ascorbic acid+Zinc ),Vitamins & Supplements,Ascorbic acid+Zinc,Piece,Pieces,315.49,363,3,was_negative_stock
CEELIN PLUS 30ML DROPS (Ascorbic Acid+zinc),Vitamins & Supplements,Ascorbic Acid+zinc,Drops,Liquid,169.06,195,9,
CEELIN PLUS 60ml (ASCORBIC ACID + ZINC),Vitamins & Supplements,ASCORBIC ACID + ZINC,Piece,Pieces,90,104,8,was_negative_stock
CEELIN PLUS chewable ( Ascorbic+zinc ),Vitamins & Supplements,Ascorbic+zinc,Piece,Pieces,7.75,9,90,
CEFACLOR 125MG/60ML (DM),Antibiotics,DM,Piece,Pieces,70,140,1,
CEFAR 125MG/60ML (CEFACLOR),Antibiotics,CEFACLOR,Piece,Pieces,78,140,2,
CEFIM 20MG (CEFIXIME) 15ML,Antibiotics,CEFIXIME,Piece,Pieces,90,180,0,no_stock
CEFIXSAPH -100MG/60ML (CEFIXIME),Antibiotics,CEFIXIME,Piece,Pieces,80,160,0,no_stock
CEFUSAPH (CEFUROXIME) 500MG,Antibiotics,CEFUROXIME,Piece,Pieces,18,30,4,
CELENOVA 200MG (CELECOXIB),Pain Relief,CELECOXIB,Piece,Pieces,1.45,6.25,1,
Celeteque (Exfoliating FW) 60ml,Personal Care,Exfoliating FW,Piece,Pieces,113.92,148,3,
Celeteque (Hydration FW) 60ml,Personal Care,Hydration FW,Piece,Pieces,95.65,125,2,was_negative_stock
Celeteque 250ml(Hydration micellar water),Personal Care,Hydration micellar water,Piece,Pieces,168.91,211,2,
Celeteque Toner 65ml (Hydration),Personal Care,Hydration,Piece,Pieces,83.47,104,2,
CENTRAMED 300mg (Irbesartan),Heart Health,Irbesartan,Piece,Pieces,7.4,17,0,no_stock; was_negative_stock
CENTRUM ADVANCE  (Multi+minerals),Vitamins & Supplements,Multi+minerals,Piece,Pieces,9.97,12,115,was_negative_stock
CENTRUM ADVANCE 30s (Multi+minerals),Vitamins & Supplements,Multi+minerals,Piece,Pieces,277.21,319,6,was_negative_stock
CENTRUM SILVER ADVANCE (Multi+minerals),Vitamins & Supplements,Multi+minerals,Piece,Pieces,12.37,14.25,189,was_negative_stock
CENTRUM SILVER ADVANCE 30s (Multi+minerals),Vitamins & Supplements,Multi+minerals,Piece,Pieces,347.36,399.5,7,was_negative_stock
CENVERT 16MG (BETAHISTINE),Heart Health,BETAHISTINE,Piece,Pieces,2.5,15,0,no_stock
CENVERT-8 8MG(BETAHISTINE) TABLET,Heart Health,BETAHISTINE,Tablet,Pieces,2.68,8,1,
CETALERT DROPS (CETIRIZINE),Allergy & Sinus,CETIRIZINE,Drops,Liquid,20,62,0,no_stock
Cetaphil Baby wash 230ml,Baby & Child Care,,Piece,Pieces,380.64,438,0,no_stock
Cetaphil deep clean Bar 127g,Personal Care,,Piece,Pieces,560.3,668,1,
CETICIT 10mg (Cetirizine),Allergy & Sinus,Cetirizine,Piece,Pieces,0.35,2,1035,
CETRINOVA 10MG (CETIRIZINE),Allergy & Sinus,CETIRIZINE,Piece,Pieces,0.35,2,0,no_stock; was_negative_stock
CGF VITA SYRP 120ML,Vitamins & Supplements,,Syrup,Liquid,210,242,7,
CHAMPI CHOCO,Food & Beverages,,Piece,Pieces,0.72,2,9,
CHARMEE ALL NIGHT 10'S,Personal Care,,Piece,Pieces,57.07,75,4,was_negative_stock
CHARMEE ALL NIGHT PLUS,Personal Care,,Piece,Pieces,28,39,0,no_stock
CHARMEE All night plus 4s,Personal Care,,Piece,Pieces,28,39,4,
CHARMEE DRYNET 8s,Personal Care,,Piece,Pieces,23.94,32,3,was_negative_stock
CHARMEE napkin flw 8+1 NW pink,Personal Care,,Piece,Pieces,15.99,21,5,
CHARMEE napkin flw 8+1 WW yellow,Personal Care,,Piece,Pieces,17.95,27,9,
CHARMEE PANTYLINER 20'S (GREEN),Personal Care,GREEN,Piece,Pieces,25.31,33,1,
CHARMEE PANTYLINER 20's (PINK),Personal Care,PINK,Piece,Pieces,24.4,33,4,was_negative_stock
CHARMEE PANTYLINER 20's (VIOLET),Personal Care,VIOLET,Piece,Pieces,25.32,33,1,
CHARMEE PANTYLINER 8's (GREEN),Personal Care,GREEN,Piece,Pieces,12.2,16,7,
CHARMEE PINK 8's (PANTYLINER),Personal Care,PANTYLINER,Piece,Pieces,11.74,16,8,
CHARMEE VIOLET 8's (PANTYLINER),Personal Care,PANTYLINER,Piece,Pieces,12.2,16,8,
CHARMEE with wings blue 8's,Personal Care,,Piece,Pieces,20.94,27,0,no_stock
CHEESE RING 25G,Food & Beverages,,Piece,Pieces,0,11,0,no_stock
CHEEZY (CHEESE) 24G,Food & Beverages,CHEESE,Piece,Pieces,7.5,10,0,no_stock; was_negative_stock
CHEEZY HOT 22G,Food & Beverages,,Piece,Pieces,7.5,10,0,no_stock; was_negative_stock
Cherifer 120ml,Vitamins & Supplements,,Piece,Pieces,186.85,215,2,
Cherifer 240ml,Vitamins & Supplements,,Piece,Pieces,338.35,389,2,
Cherifer drops 15ml,Vitamins & Supplements,,Drops,Liquid,81.6,98,0,no_stock
Cherifer drops 30ml,Vitamins & Supplements,,Drops,Liquid,143.98,170,3,was_negative_stock
CHERIFER FORTE 120ML,Vitamins & Supplements,,Piece,Pieces,187.2,215,0,no_stock
CHERIFER IMMUNOMAX 120ml,Vitamins & Supplements,,Piece,Pieces,384,442,1,
Cherifer PGM,Vitamins & Supplements,,Piece,Pieces,15.98,19,10,
Cherifer PGM ZINC,Vitamins & Supplements,,Piece,Pieces,17.59,22,15,
Cherifer w/ Zinc 240ml,Vitamins & Supplements,,Piece,Pieces,316.77,400,2,
Cherifer w/zinc 120ml,Vitamins & Supplements,,Piece,Pieces,191.9,221,2,was_negative_stock
CHEWY MINT CANDY,Food & Beverages,,Piece,Pieces,0.85,2.5,40,
CHILI PLASTER,First Aid,,Piece,Pieces,9.2,12,249,
CHIN CHUN SU BLUE,Personal Care,,Piece,Pieces,0.0,0.0,12,MISSING; CALCULATED
CHIN CHUN SU YELLOW,Personal Care,,Piece,Pieces,14.36,19,3,
CHIPPY BBQ 25G,Food & Beverages,,Piece,Pieces,7,9,4,was_negative_stock
CHIPS DELIGHT 40G,Food & Beverages,,Piece,Pieces,14.25,19,0,no_stock
CHIZ CURLS 18G,Food & Beverages,,Piece,Pieces,7.5,10,0,no_stock
Chlorphenamine 4mg (RIPHEN),Allergy & Sinus,RIPHEN,Piece,Pieces,0.28,1,5,
CHOCO KNOT 28G,Food & Beverages,,Piece,Pieces,6.99,10,1,
CHOCO MANI PEANUT BAR,Food & Beverages,,Piece,Pieces,1.43,3,0,no_stock
CHOCO RICO,Food & Beverages,,Piece,Pieces,1.45,2.5,4,
CHOWEE DURIAN,Food & Beverages,,Piece,Pieces,84.15,100,13,
CHOWEE DURIAN 1',Food & Beverages,,Piece,Pieces,3.54,4,0,no_stock
CHOWEE MANGO,Food & Beverages,,Piece,Pieces,84.15,100,24,
CHOWEE MANGO 1'S,Food & Beverages,,Piece,Pieces,3.54,4,8,
Cilostazol 100mg ( PLETAXOL ),Heart Health,PLETAXOL,Piece,Pieces,18.83,37,24,
CITCOLE 500mg (Citicoline),Vitamins & Supplements,Citicoline,Piece,Pieces,14.66,30,90,
CLARIMAC 125MG/60ML (CLARITHROMYCIN),Antibiotics,CLARITHROMYCIN,Piece,Pieces,125,250,0,no_stock
CLARIMAC DS 250MG (CLARITHROMYCIN),Antibiotics,CLARITHROMYCIN,Piece,Pieces,255,380,0,no_stock
CLARITHROMED 125MG (CLARITHROMYCIN),Antibiotics,CLARITHROMYCIN,Piece,Pieces,125,250,3,
CLARITIN 10mg (Loratadine),Allergy & Sinus,Loratadine,Piece,Pieces,31.74,37,56,
CLARITOL 500MG (CLARITHROMYCIN),Antibiotics,CLARITHROMYCIN,Piece,Pieces,13,30,0,no_stock
CLARITONE 250MG/60ML(CLARITHROMYCIN),Antibiotics,CLARITHROMYCIN,Piece,Pieces,250,380,3,
CLEANSEDINE 60ML,Personal Care,,Piece,Pieces,350,410,3,
CLINDAGOLD 300mg (Clindamycin),Antibiotics,Clindamycin,Piece,Pieces,4.38,10,21,
CLINDANOVA 300MG (CLINDAMYCIN),Antibiotics,CLINDAMYCIN,Piece,Pieces,3.96,9,0,no_stock
CLINGEN 300mg (Clindamycin),Antibiotics,Clindamycin,Piece,Pieces,3.8,9,44,was_negative_stock
CLIOZOLE CREAM (CLOTRIMAZOLE),Skin Care,CLOTRIMAZOLE,Cream,Topical,25,100,0,no_stock
CLIRCAF 300MG/120ML (LAGUNDI),Cough & Cold,LAGUNDI,Piece,Pieces,54,148,3,
CLIRCAF FORTE 600MG (LAGUNDI),Cough & Cold,LAGUNDI,Piece,Pieces,2,5,21,
CLODIN 75MG (CLONIDINE),Heart Health,CLONIDINE,Piece,Pieces,4.3,10,3,
CLOGEOVIX 75MG (CLOPIDOGREL),Heart Health,CLOPIDOGREL,Piece,Pieces,1.2,8,1,
Clopegen 75mg (Clopidogrel),Heart Health,Clopidogrel,Piece,Pieces,0.98,6,0,no_stock; was_negative_stock
CLOPEND 75MG (CLOPIDOGREL),Heart Health,CLOPIDOGREL,Piece,Pieces,1.62,8,0,no_stock
CLOPINOVA 75MG (CLOPIDOGREL),Heart Health,CLOPIDOGREL,Piece,Pieces,1.1,8,104,
Clormed 50mg/10ml drops (Cefaclor),Antibiotics,Cefaclor,Drops,Liquid,48,96,0,no_stock
CLOSE-UP RED HOT 145ML,Personal Care,,Piece,Pieces,127.24,166,2,
CLOSE-UP RED HOT 50ML,Personal Care,,Piece,Pieces,60.23,78,0,no_stock; was_negative_stock
CLOSE-UP RED HOT SACHET 10G,Personal Care,,Sachet,Pieces,7.83,11,1,
CLOSED UP GREEN 50ML,Personal Care,,Piece,Pieces,60.72,79,0,no_stock
CLOVATE OINT. 15G (CLOBETASOL),Skin Care,CLOBETASOL,Ointment,Topical,46,120,0,no_stock
CLOVER BITS BBQ 35G,Food & Beverages,,Piece,Pieces,7.5,10,6,
CLOVER CHEESE 24G,Food & Beverages,,Piece,Pieces,7.5,10,0,no_stock; was_negative_stock
CLOVERINE 60ML (DICYCLOVERINE),Digestive Health,DICYCLOVERINE,Piece,Pieces,15,40,0,no_stock
CLOVIMED 312.50MG (CO-AMOXICLAV),Antibiotics,CO-AMOXICLAV,Piece,Pieces,130.01,320,0,no_stock
CLOXANE 500MG (CLOXACILLIN),Antibiotics,CLOXACILLIN,Piece,Pieces,2.5,9,0,no_stock; was_negative_stock
CLOXASAPH 500 (CLOXACILLIN),Antibiotics,CLOXACILLIN,Piece,Pieces,2.35,9,174,
CLUB CHIPS SNAFFLE,Food & Beverages,,Piece,Pieces,6,8,2,
COALEVA 10mg500mcg ( Ebastine+Betamethasone ),Skin Care,Ebastine+Betamethasone,Piece,Pieces,30.37,39.25,20,
COALTRIA (Montelukast+Levocetirizine 10mg5mg),Allergy & Sinus,Montelukast+Levocetirizine 10mg5mg,Piece,Pieces,25.28,29.75,76,
Coffee,Food & Beverages,,Piece,Pieces,0,10,0,no_stock
COFFEE CUP,Food & Beverages,,Piece,Pieces,35,60,0,no_stock; was_negative_stock
COKE 1.5ML,Food & Beverages,,Piece,Pieces,59,70,0,no_stock
COKE MISMO 290ML,Food & Beverages,,Piece,Pieces,16.33,21,0,no_stock; was_negative_stock
COLCHICINE (RETA) 500MCG,Heart Health,RETA,Piece,Pieces,0.98,4,0,no_stock; was_negative_stock
COLGATE GRF 140g,Personal Care,,Piece,Pieces,105.34,137,2,
COLGATE MINIONS KIDS TP 40G,Baby & Child Care,,Piece,Pieces,72,94,1,
COLGATE toothbrush Classic,Personal Care,,Piece,Pieces,15.47,22,4,
COLGATE TOOTHBRUSH Kids,Baby & Child Care,,Piece,Pieces,16.12,22,4,
COLGATE toothpaste kids Batman 40g,Baby & Child Care,,Piece,Pieces,72,94,2,
COLGATE TP GRF 37G,Personal Care,,Piece,Pieces,46.37,60,1,
COLGATE TP SACHET 20G,Personal Care,,Sachet,Pieces,8.31,11,9,was_negative_stock
COLOSTOMY BAG,Medical Devices & Consumables,,Piece,Pieces,165,210,6,
COLOUR PENCIL SECRET GARDEN,General (Stationery),,Piece,Pieces,30,40,1,
COMOXI 156.25MG/60ML(CO-AMOXICLAV),Antibiotics,CO-AMOXICLAV,Piece,Pieces,90,180,3,
COMPOSITION NOTEBOOK,General (Stationery),,Piece,Pieces,13.5,18,9,
CONE馃崼CHOCOLATE,Food & Beverages,,Piece,Pieces,19,25,7,
CONE馃崻COOKIES&CREAM,Food & Beverages,,Cream,Topical,19,25,8,
CONE馃崍MELON,Food & Beverages,,Piece,Pieces,19,25,9,
CONE馃煟馃UBE KESO,Food & Beverages,,Piece,Pieces,19,25,0,no_stock
CONSAC OPHTHA (TOBRAMYCIN),Eye & Ear Care,TOBRAMYCIN,Piece,Pieces,110,220,0,no_stock
CONSTRUCTION PAPER 20in1,General (Stationery),,Piece,Pieces,20,26,2,
CONZACE (Multivitamins+Minerals),Vitamins & Supplements,Multivitamins+Minerals,Piece,Pieces,16,18,0,no_stock; was_negative_stock
CONZACE 9+1 (Multivitamins+Minerals),Vitamins & Supplements,Multivitamins+Minerals,Piece,Pieces,127.36,144,3,
COOL FRESH NAPKIN ALL NIGHT,Personal Care,,Piece,Pieces,12.5,16.25,1,
CORN CHIPS SNAFFLE 25G,Food & Beverages,,Piece,Pieces,5,7,0,no_stock; was_negative_stock
CORN CURLS 18G,Food & Beverages,,Piece,Pieces,5.75,8,0,no_stock
CORRECTION TAPE ASSORTED,Personal Care,,Tape,Roll,20,35,0,no_stock
COUXIN 15mg/60ml (Ambroxol),Cough & Cold,Ambroxol,Piece,Pieces,14.5,40,0,no_stock
COUXIN 30mg syrup 60ml (Ambroxol),Cough & Cold,Ambroxol,Syrup,Liquid,15,45,3,
COUXIN tab 30mg (Ambroxol),Cough & Cold,Ambroxol,Tablet,Pieces,0.48,2,84,
COUXIN(Ambroxol) drops 15ml,Cough & Cold,Ambroxol,Drops,Liquid,14,35,9,
COWHEAD MILK CANDY 5G,Food & Beverages,,Piece,Pieces,0.78,2,0,no_stock
COXID 200MG (CELECOXIB),Pain Relief,CELECOXIB,Piece,Pieces,45.2,52,21,
COXID 400MG (CELECOXIB),Pain Relief,CELECOXIB,Piece,Pieces,69.47,80,31,
CRACKLINGS,Food & Beverages,,Piece,Pieces,6.5,9,1,was_negative_stock
CRAYOLA 24PCS,General (Stationery),,Piece,Pieces,85,111,8,
CREAM PUFF (CHOCO),Food & Beverages,CHOCO,Cream,Topical,17.14,23,2,was_negative_stock
CREAM PUFF (CUSTARD),Food & Beverages,CUSTARD,Cream,Topical,17.14,23,11,
CREAM- O VANILLA BISCUIT,Food & Beverages,,Cream,Topical,6.68,9,0,no_stock
CREAMSILK SACHET GREEN 13ML,Personal Care,,Sachet,Pieces,6.28,8,0,no_stock
CUBEE CHOCO 25G,Food & Beverages,,Piece,Pieces,10.5,14,4,was_negative_stock
CUBEE VANILLA 25G,Food & Beverages,,Piece,Pieces,10.5,14,13,was_negative_stock
CURAFEN 100mg (Diclofenac sodium),Pain Relief,Diclofenac sodium,Piece,Pieces,0.78,3,35,
CUREL 500MCG (COLCHICINE),Heart Health,COLCHICINE,Piece,Pieces,1.05,4,3,was_negative_stock
CUREMERIC ADVANCE CAP.,Vitamins & Supplements,,Capsule,Pieces,30,35,60,
CUTICLE REMOVER 125ML (CARRIE),Personal Care,CARRIE,Piece,Pieces,5.2,12,6,
CY GABRIEL PAPAYA 60G,Personal Care,,Piece,Pieces,21.6,28,10,was_negative_stock
CY GABRIEL SPECIAL PINK,Personal Care,,Piece,Pieces,18.31,24,8,
CYFROX 500mg (Ciprofloxacin),Antibiotics,Ciprofloxacin,Piece,Pieces,1.6,6,42,
CYSAPHTEINE 600MG (ACETYLCYSTEINE),Cough & Cold,ACETYLCYSTEINE,Piece,Pieces,9,30,0,no_stock
Daphne pills,Personal Care,,Piece,Pieces,129.98,150,6,was_negative_stock
DATAB 2MG (Loperamide),Digestive Health,Loperamide,Tablet,Pieces,0.46,3,149,
DAYZINC SYRUP 120ML,Vitamins & Supplements,,Syrup,Liquid,133.7,154,1,
DAYZINC SYRUP 250ML,Vitamins & Supplements,,Syrup,Liquid,257.85,296,1,
DECILONE FORTE 4mg(Dexamethasone),Allergy & Sinus,Dexamethasone,Piece,Pieces,36.91,42.5,27,was_negative_stock
DECOLGEN FORTE (Phenyl+Chlor+Para),Cough & Cold,Phenyl+Chlor+Para,Piece,Pieces,8.01,10,417,
DECOLGEN FORTE 6+1,Cough & Cold,,Piece,Pieces,42.36,54,42,
DECOLGEN Non Drowse (Phenyl+Para),Cough & Cold,Phenyl+Para,Piece,Pieces,8.72,11,174,was_negative_stock
DECOLSIN (Dextro+Phenyl+Para),Cough & Cold,Dextro+Phenyl+Para,Piece,Pieces,13.97,17,20,
DECOLSIN SYRUP 60ML (Dextro/Phenyl/Para),Cough & Cold,Dextro/Phenyl/Para,Syrup,Liquid,135.48,156,4,
DEHYDROSOL (Oral Rehydration),Digestive Health,Oral Rehydration,Piece,Pieces,2.4,9,54,was_negative_stock
DEKONREX 12.5MG (PPA) 60ML,Cough & Cold,PPA,Piece,Pieces,18,45,0,no_stock
DELLA E 400iu (Vitamin E),Vitamins & Supplements,Vitamin E,Piece,Pieces,4.2,9,3,
DELUXE BANANA CHOCO,Food & Beverages,,Piece,Pieces,7,9,0,no_stock
DELUXE BAR馃崼CHOCOLATE,Food & Beverages,,Piece,Pieces,31,40,6,
DELUXE BAR馃GABIKESO,Food & Beverages,,Piece,Pieces,34,45,5,
DELUXE TIRAMISU,Food & Beverages,,Piece,Pieces,7,9,0,no_stock
DEQUADIN Lozenges,Personal Care,,Lozenges,Pieces,5.62,7,34,
DERMCLENS Spray(Blue),Personal Care,Blue,Spray,Liquid,75,110,0,no_stock
DERMCLENS Spray(Brown),Personal Care,Brown,Spray,Liquid,75,110,0,no_stock
DERMOVATE Cream 5g (Clobetasol),Skin Care,Clobetasol,Cream,Topical,364.93,420,1,
DESTRIMOLE CREAM 15G (CLOTRIMAZOLE),Skin Care,CLOTRIMAZOLE,Cream,Topical,36,100,1,
DEXAT 500mcg (Dexamethasone),Allergy & Sinus,Dexamethasone,Piece,Pieces,0.6,1.75,154,
DIACEF 125mg/60ml (CEFALEXIN),Antibiotics,CEFALEXIN,Piece,Pieces,23,60,2,
DIACEF 250mg cap(CEFALEXIN),Antibiotics,CEFALEXIN,Capsule,Pieces,1.47,4,0,no_stock
DIACEF 250mg/60ml (CEFALEXIN),Antibiotics,CEFALEXIN,Piece,Pieces,31,70,9,
DIACEF Drops 15ml  (CEFALEXIN),Antibiotics,CEFALEXIN,Drops,Liquid,18.3,45,4,
DIACIEL 10MG/60ML (DICYCLOVERINE),Digestive Health,DICYCLOVERINE,Piece,Pieces,16.5,40,2,
DIACOF 250MG/60ML (CARBOCISTEINE),Cough & Cold,CARBOCISTEINE,Piece,Pieces,25,55,1,
DIADIPINE 10mg (Amlodipine),Heart Health,Amlodipine,Piece,Pieces,0.7,5,93,
DIALIX DROPS (CETIRIZINE) 2.5MG,Allergy & Sinus,CETIRIZINE,Drops,Liquid,20,62,0,no_stock
DIALOX 250mg/60ml (Cloxacillin),Antibiotics,Cloxacillin,Piece,Pieces,34,68,1,
DIAMIR 30MG (GLICLAZIDE),Diabetes Care,GLICLAZIDE,Piece,Pieces,2.33,6,86,was_negative_stock
Diane Pills,Personal Care,,Piece,Pieces,671.91,777,2,was_negative_stock
DIASAR 30MG (Gliclazide) TABLET,Diabetes Care,Gliclazide,Tablet,Pieces,2.5,6,0,no_stock
DIATABS 2mg (Loperamide),Digestive Health,Loperamide,Piece,Pieces,9.54,11,214,
DIATABS 5+1 (Loperamide),Digestive Health,Loperamide,Piece,Pieces,48,55,24,was_negative_stock
Diazole 480/60ml (COTRIMOXAZOLE),Antibiotics,COTRIMOXAZOLE,Piece,Pieces,30.25,60.5,0,no_stock
Dicycloverine 15ml drops (RELESTAL),Digestive Health,RELESTAL,Drops,Liquid,185.36,204,0,no_stock
Dicycloverine 60ml syrup (RELESTAL),Digestive Health,RELESTAL,Syrup,Liquid,214.94,248,2,was_negative_stock
Dicyrine 10mg (Dicycloverine),Digestive Health,Dicycloverine,Piece,Pieces,0.34,2,70,
DIFFLAM FORTE THROAT SPRAY,Personal Care,,Spray,Liquid,569.1,655,2,
DIFFLAM MENTHOL (LOZENGES),Personal Care,LOZENGES,Lozenges,Pieces,35,40,0,no_stock; was_negative_stock
Difflam Mint (Lozenges),Personal Care,Lozenges,Lozenges,Pieces,30.92,36.5,17,was_negative_stock
DIGITAL THERMOMETER (Surgitech),Medical Devices & Consumables,Surgitech,Device,Pieces,60,140,10,
DIKSHAMIN OPTH. (TOBRA+DEXAMETHASONE),Allergy & Sinus,TOBRA+DEXAMETHASONE,Piece,Pieces,100,220,0,no_stock
DIOSMED 450/50 (DIOSMIN+HESPERIDIN),Heart Health,DIOSMIN+HESPERIDIN,Piece,Pieces,10,20,70,was_negative_stock
DIPALMITATE SOAP (SKIN MAGICAL),Personal Care,SKIN MAGICAL,Soap,Pieces,63,80,38,
Diphenhydramine 25mg cap (MUCOMED),Allergy & Sinus,MUCOMED,Capsule,Pieces,0.66,2,49,
DISNEY POWERCEEZ 120ML (Ascorbic acid+Zinc),Vitamins & Supplements,Ascorbic acid+Zinc,Powder,Pieces,207.55,239,2,
DISUDRIN 120ml (Phenyl+Chlor),Allergy & Sinus,Phenyl+Chlor,Piece,Pieces,213.62,246,4,
DISUDRIN 60ML (Phenyl+Chlor),Allergy & Sinus,Phenyl+Chlor,Piece,Pieces,142.07,164,7,
DISUDRIN Drops 10ml (Phenyl+Chlor),Allergy & Sinus,Phenyl+Chlor,Drops,Liquid,130.54,151,9,
DOLAN FORTE 200MG/60ML (Ibuprofen),Pain Relief,Ibuprofen,Piece,Pieces,152.23,175,4,
DOLAN FP 100MG/60ML (Ibuprofen),Pain Relief,Ibuprofen,Piece,Pieces,100.41,116,3,
DOLFENAL 250MG (Mefenamic),Pain Relief,Mefenamic,Piece,Pieces,19.4,23,11,
DOLFENAL 500MG (Mefenamic),Pain Relief,Mefenamic,Piece,Pieces,37.35,43,104,was_negative_stock
DOLO NEUROBION (Para+Bcomplex),Vitamins & Supplements,Para+Bcomplex,Piece,Pieces,24.54,28.5,28,was_negative_stock
DONUT SOAP,Personal Care,,Soap,Pieces,81,90,7,
DOSTAN 500MG (TRANEXAMIC ACID),Vitamins & Supplements,TRANEXAMIC ACID,Piece,Pieces,18,21,0,no_stock
DOVE BAR PINK SEA 90G,Personal Care,,Piece,Pieces,80,104,3,
DOVE BAR SENSITIVE 90G,Personal Care,,Piece,Pieces,72.11,94,3,
Dove White Soap 135g Bar,Personal Care,,Soap,Pieces,77.92,97,0,no_stock
DOXOFAR 400MG (DOXOFYLLINE),Cough & Cold,DOXOFYLLINE,Piece,Pieces,5.5,15,50,was_negative_stock
DOXOLLIN 400MG (DOXOFYLLINE),Cough & Cold,DOXOFYLLINE,Piece,Pieces,4.42,15,0,no_stock
DOXYPERL 100MG (DOXYCYCLINE),Antibiotics,DOXYCYCLINE,Piece,Pieces,1.3,6.5,111,
DR. KAUFMAN WHITE 80g (Sulfur soap),Skin Care,Sulfur soap,Soap,Pieces,39.03,49,0,no_stock
DR. KAUFMAN YELLOW 80g (Sulfur soap),Skin Care,Sulfur soap,Soap,Pieces,40.77,50,0,no_stock
DR. MEYERS 120ML (MULTIVITAMINS,Vitamins & Supplements,,Piece,Pieces,28,85,3,
DR. WONG'S WHITE 80g (Sulfur soap),Skin Care,Sulfur soap,Soap,Pieces,37.24,47,5,was_negative_stock
DR. WONG'S YELLOW 80g (Sulfur soap),Skin Care,Sulfur soap,Soap,Pieces,35.28,49,5,was_negative_stock
DR.WONG'S WHITE 135g (Sulfur soap),Skin Care,Sulfur soap,Soap,Pieces,53.56,70,5,was_negative_stock
DR.WONG'S YELLOW 135g (Sulfur soap),Skin Care,Sulfur soap,Soap,Pieces,49.1,64,2,was_negative_stock
DRAPOLENE CREAM 55G,Baby & Child Care,,Cream,Topical,321.53,374,2,
DRENEX 3mg (Dexamethasone),Allergy & Sinus,Dexamethasone,Piece,Pieces,31.32,36,38,was_negative_stock
DS Eye Candy 50ml,Personal Care,,Piece,Pieces,25.92,33,0,no_stock
DS Happy Hour Pink 50ml,Personal Care,,Piece,Pieces,26,33,1,
DS Indian Summer Yellow 50ml,Personal Care,,Piece,Pieces,27,34,1,
DS Lazy Afternoon Orange 50ml,Personal Care,,Piece,Pieces,27,34,1,
DS Nine to Mine Violet 50ml,Personal Care,,Piece,Pieces,27,34,0,no_stock
DS Spring Break Green 50ml,Personal Care,,Piece,Pieces,26,33,0,no_stock
DS Sunday Morning Blue,Personal Care,,Piece,Pieces,26,33,0,no_stock
DUAVENT (Ipratropium+salbutamol),Cough & Cold,Ipratropium+salbutamol,Piece,Pieces,46.6,54,12,
DUBAMOL 10MG (DOMPERIDONE),Digestive Health,DOMPERIDONE,Piece,Pieces,0.78,3,41,
DULCOLAX SUPPOSITORY 10mg (BISACODYL),Digestive Health,BISACODYL,Suppository,Pieces,58.11,73,0,no_stock
DULCOLAX tab (Bisacodyl),Digestive Health,Bisacodyl,Tablet,Pieces,25.42,30,33,was_negative_stock
DUO-GESIC TAB. (PARA+ TRAMADOL),Pain Relief,PARA+ TRAMADOL,Tablet,Pieces,1.2,12,0,no_stock
DUPHASTON (Dydrogesterone),Personal Care,Dydrogesterone,Piece,Pieces,80.87,95,39,was_negative_stock
DUTCHMILL 180ML BLUEBERRY,Food & Beverages,,Piece,Pieces,19.11,25,2,was_negative_stock
DUTCHMILL 180ML STRAWBERRY,Food & Beverages,,Piece,Pieces,19.11,25,5,was_negative_stock
DUTCHMILL 180ML SUPERFRUIT,Food & Beverages,,Piece,Pieces,19.11,25,5,was_negative_stock
DYLAX 5mg(Bisacodyl),Digestive Health,Bisacodyl,Piece,Pieces,0.65,2,265,
DYNATUSSIN 120ml (S.citrate+gua+phenyl+dextro),Cough & Cold,S.citrate+gua+phenyl+dextro,Piece,Pieces,163.2,188,2,
DYNATUSSIN 60ml (S.citrate+gua+phenyl+dextro),Cough & Cold,S.citrate+gua+phenyl+dextro,Piece,Pieces,118.15,136,2,
DYNATUSSIN CAPSULE,Cough & Cold,,Capsule,Pieces,11.44,14,19,
E ZINC 60ML (Zinc sulfate),Vitamins & Supplements,Zinc sulfate,Piece,Pieces,116.28,138,5,
E ZINC drops 15ml (Zinc sulfate),Vitamins & Supplements,Zinc sulfate,Drops,Liquid,109.07,126,5,
E-NOVA 400 IU (VITAMIN E),Vitamins & Supplements,VITAMIN E,Piece,Pieces,4,9,0,no_stock
EFFICASENT 100ml EXTRASTRENGTH,First Aid,,Piece,Pieces,110,143,4,
EFFICASENT 100ml EXTREME,First Aid,,Piece,Pieces,111.55,145,5,was_negative_stock
EFFICASENT 100ml REGULAR,First Aid,,Piece,Pieces,86.63,113,5,
EFFICASENT 25ml EXTRASTRENGTH,First Aid,,Piece,Pieces,29.78,43,6,was_negative_stock
EFFICASENT 25ml EXTREME,First Aid,,Piece,Pieces,39.3,51,5,was_negative_stock
EFFICASENT 25ml REGULAR,First Aid,,Piece,Pieces,26.17,34,6,
EFFICASENT 50ml EXTRASTRENGTH,First Aid,,Piece,Pieces,57.38,77,4,
EFFICASENT 50ml Extreme,First Aid,,Piece,Pieces,77.67,101,2,was_negative_stock
Efficasent 50ml REGULAR,First Aid,,Piece,Pieces,45.06,59,9,
Efficasent Relaxing oil 3ml,First Aid,,Piece,Pieces,46.01,60,3,was_negative_stock
EGGNOG (NISSIN)18g,Food & Beverages,NISSIN,Piece,Pieces,5.75,8,7,was_negative_stock
Elastic bandage 4x5  (PARTNERS),First Aid,PARTNERS,Bandage,Pieces,30,50,0,no_stock
ELASTIC BANDAGE 4X5 (OREX),First Aid,OREX,Bandage,Pieces,30,50,0,no_stock
ELASTIC BANDAGE 4X5 (SURE GUARD),First Aid,SURE GUARD,Bandage,Pieces,30,60,6,
ELASTIC BANDAGE 6X5 (SURE GUARD),First Aid,SURE GUARD,Bandage,Pieces,39,85,5,
Elastic bandage 6x5 (SURGITECH),First Aid,SURGITECH,Bandage,Pieces,35,85,0,no_stock
ELASTIC BANDAGE 6x5(PARTNERS),First Aid,PARTNERS,Bandage,Pieces,39,90,1,
ELICA 5G CREAM (Mometasone),Skin Care,Mometasone,Cream,Topical,438.13,504,5,was_negative_stock
ELICLOR 250mg/60ml (Cefaclor),Antibiotics,Cefaclor,Piece,Pieces,105,220,2,
ELITE M TOOTHBRUSH CLASSIC,Personal Care,,Piece,Pieces,8.75,22,0,no_stock
EMACIF 100MG 60ML,Cough & Cold,,Piece,Pieces,80,160,2,
EMICOX 200MG (CELECOXIB ),Pain Relief,CELECOXIB,Piece,Pieces,1.45,7,0,no_stock
EMICOX 400MG (CELECOXIB),Pain Relief,CELECOXIB,Piece,Pieces,3.78,13,272,
ENALAPRIL 10mg tab (SCHEEPRIL),Heart Health,SCHEEPRIL,Tablet,Pieces,2.9,6,0,no_stock
ENALAPRIL 5mg tab (RENITE XL),Heart Health,RENITE XL,Tablet,Pieces,2.8,6,47,
ENERVON  Tab (Multivitamins+Minerals),Vitamins & Supplements,Multivitamins+Minerals,Tablet,Pieces,9.9,12,186,
ENERVON 28+4,Vitamins & Supplements,,Piece,Pieces,264.15,308,1,
ENERVON 7+1 (Multivitamins+Minerals),Vitamins & Supplements,Multivitamins+Minerals,Piece,Pieces,79.25,84,31,was_negative_stock
ENERVON Z+ 32' (Multivitamins+Zinc),Vitamins & Supplements,Multivitamins+Zinc,Piece,Pieces,301.88,348,2,was_negative_stock
EPERTON 50MG (EPERISONE),Pain Relief,EPERISONE,Piece,Pieces,9,35,91,was_negative_stock
EQ DRY New born 22s,Baby & Child Care,,Piece,Pieces,155.26,205,4,
EQ DRY S 20's,Baby & Child Care,,Piece,Pieces,157.62,205,3,
Eq dry Small 4's,Baby & Child Care,,Piece,Pieces,31.9,37,0,no_stock
EQ PANTS L 24s,Baby & Child Care,,Piece,Pieces,188.1,245,0,no_stock; was_negative_stock
EQ PANTS M 24s,Baby & Child Care,,Piece,Pieces,165.81,199,3,
EQ PANTS XL 24s,Baby & Child Care,,Piece,Pieces,202.62,243,1,
EQ PANTS XXL 24s,Baby & Child Care,,Piece,Pieces,212.95,259,0,no_stock; was_negative_stock
EQUISINE MOIST (HYPROMELLOSE),Eye & Ear Care,HYPROMELLOSE,Piece,Pieces,72,165,0,no_stock; was_negative_stock
EQUISINE REGULAR (BORIC+BORAX OPHTHA),Eye & Ear Care,BORIC+BORAX OPHTHA,Piece,Pieces,72,144,5,
EQUISINE RELIEF (Zinc sulfate),Eye & Ear Care,Zinc sulfate,Piece,Pieces,72,144,10,
ERCEFLORA KIDDIE (Bacillus clausii),Vitamins & Supplements,Bacillus clausii,Piece,Pieces,41.68,49,133,was_negative_stock
EROSE (EVENING PRIMROSE),Vitamins & Supplements,EVENING PRIMROSE,Piece,Pieces,4,8.5,5,
EROXIME 500MG (CEFUROXIME),Antibiotics,CEFUROXIME,Piece,Pieces,9,30,140,was_negative_stock
ERYSAPH T500MG (ERYTHROMYCIN),Antibiotics,ERYTHROMYCIN,Piece,Pieces,4.5,9,0,no_stock
ERZIN 500MG (ERYTHROMYCIN),Antibiotics,ERYTHROMYCIN,Piece,Pieces,5.35,10,27,
ESKINOL 135ml Calamansi,Personal Care,,Piece,Pieces,73.59,96,3,
ESKINOL 135ML Papaya,Personal Care,,Piece,Pieces,73.59,96,2,
ESKINOL 135ml Pimple Fighting,Personal Care,,Piece,Pieces,73.59,96,5,
ESKINOL 135ml White Clear,Personal Care,,Piece,Pieces,73.6,96,0,no_stock
ESKINOL 225ML PAPAYA,Personal Care,,Piece,Pieces,120.5,156,3,
ESKINOL 225ml Pimple Fighting,Personal Care,,Piece,Pieces,120.5,151,3,
ESKINOL 225ml White Clear,Personal Care,,Piece,Pieces,120.25,156,1,
ESKINOL 75ml Calamansi,Personal Care,,Piece,Pieces,43.16,56,3,
ESKINOL 75ml Papaya,Personal Care,,Piece,Pieces,43.16,56,2,
ESKINOL 75ml Pimple Fighting,Personal Care,,Piece,Pieces,43.09,56,3,
ESKINOL 75ml White Clear,Personal Care,,Piece,Pieces,43.16,56,0,no_stock
ESKINOL FC  225ML CALAMANSI,Personal Care,,Piece,Pieces,120.5,157,0,no_stock; was_negative_stock
ESOMAP 40MG (ESOMEPRAZOLE),Digestive Health,ESOMEPRAZOLE,Piece,Pieces,4,11,5,
ESOMETOR 40MG(ESOMEPRAZOLE),Digestive Health,ESOMEPRAZOLE,Piece,Pieces,5,11,0,no_stock
ESOTAZ 40MG (ESOMEPRAZOLE),Digestive Health,ESOMEPRAZOLE,Piece,Pieces,5,11,44,
ETHYL ALCOHOL GALLON,Personal Care,,Piece,Pieces,350,455,0,no_stock
ETIROX 90 ETORICOXIB,Pain Relief,,Piece,Pieces,5,16,90,
ETORINOV 120MG (ETORICOXIB),Pain Relief,ETORICOXIB,Piece,Pieces,6.66,30,0,no_stock
ETOXIA 120MG (ETORICOXIB ),Pain Relief,ETORICOXIB,Piece,Pieces,6,30,30,
EURIVIT 120ml (Multi+minerals),Vitamins & Supplements,Multi+minerals,Piece,Pieces,60,120,4,
EURIVIT 250ml (Multi+minerals),Vitamins & Supplements,Multi+minerals,Piece,Pieces,120,195,100,
EURIVIT tab (Multi+minerals),Vitamins & Supplements,Multi+minerals,Tablet,Pieces,2.15,6,100,
EXEL 500mg (Cefalexin),Antibiotics,Cefalexin,Piece,Pieces,2.65,7.5,28,was_negative_stock
EXFLEM (Acetylcysteine)600mg,Cough & Cold,Acetylcysteine,Piece,Pieces,39.97,46,30,
EXPEL 15MG/60ml (Ambroxol),Cough & Cold,Ambroxol,Piece,Pieces,148.95,172,9,was_negative_stock
EXPEL drops 6mg/10ml (Ambroxol),Cough & Cold,Ambroxol,Drops,Liquid,129.57,149,10,
Eye Mo BLUE,Eye & Ear Care,,Piece,Pieces,90.76,118,7,was_negative_stock
Eye Mo GREEN,Eye & Ear Care,,Piece,Pieces,90.76,118,4,was_negative_stock
Eye Mo RED,Eye & Ear Care,,Piece,Pieces,82.91,108,0,no_stock; was_negative_stock
EYEBERRY cap,Vitamins & Supplements,,Capsule,Pieces,17.23,20,37,
F-PARA 300mg/2ml AMPULE (Paracetamol),Pain Relief,Paracetamol,Injection,Pieces,12,30,30,
FACEMASK ASSORTED (KIDS),Baby & Child Care,KIDS,Mask,Pieces,19,25,6,
Facemask Lanyard,Personal Care,,Mask,Pieces,5,15,5,
FAIRY SKIN DERMA FACIAL SET,Personal Care,,Piece,Pieces,270,300,4,
FAIRY SKIN TINTED SUNSCREEN 50G,Personal Care,,Piece,Pieces,269.1,299,3,
FAKTU SUPPOSITORY,Medical Devices & Consumables,,Suppository,Pieces,77.41,77,0,no_stock
FAMILY GUARD FLORAL 280ml (Disinfectant),Personal Care,Disinfectant,Piece,Pieces,269.5,337,0,no_stock
FAMILY Rubbing 40% 473ML ( Alcohol),Personal Care,Alcohol,Piece,Pieces,66.43,83,1,
FBS,Medical Devices & Consumables,,Piece,Pieces,26.72,40,2,
FEBULAS 80 (FEBUXOSTAT),Diabetes Care,FEBUXOSTAT,Piece,Pieces,17,34,53,
FEBULIV 80MG (FEBUXOSTAT),Diabetes Care,FEBUXOSTAT,Piece,Pieces,6.5,25,1,
FEBUXEB 40MG (Febuxostat),Diabetes Care,Febuxostat,Piece,Pieces,4,15,0,no_stock
FEBUXEB 80MG (FEBUXOSTAT),Diabetes Care,FEBUXOSTAT,Piece,Pieces,6.17,25,0,no_stock
FEBUXIPRO 80MG (FEBUXOSTAT),Diabetes Care,FEBUXOSTAT,Piece,Pieces,6.17,25,0,no_stock
FEBUXOSAPH 40MG (FEBUXOSTAT),Diabetes Care,FEBUXOSTAT,Piece,Pieces,6.17,20,0,no_stock; was_negative_stock
FEBUXOSPEED 80MG (FEBUXOSTAT),Diabetes Care,FEBUXOSTAT,Piece,Pieces,10,25,1,
FELOSTAL-5 ER 5mg (Felodipine),Heart Health,Felodipine,Piece,Pieces,3,6,72,
FENOBLAST 160MG (FENOFIBRATE),Heart Health,FENOFIBRATE,Piece,Pieces,6.8,12,0,no_stock
FENOCARE 200MG (FENOFIBRATE),Heart Health,FENOFIBRATE,Piece,Pieces,2.8,8,62,was_negative_stock
FENORIX 200MG (FENOFIBRATE),Heart Health,FENOFIBRATE,Piece,Pieces,2.3,8,5,
FENOSAPH 200mg (Fenofibrate),Heart Health,Fenofibrate,Piece,Pieces,3.8,8,0,no_stock
FENOSOL 160MG (FENOFIBRATE),Heart Health,FENOFIBRATE,Piece,Pieces,6.8,12,125,
FERALAC (Malunggay),Vitamins & Supplements,Malunggay,Piece,Pieces,1.55,6,173,
FERLIN DROPS 15ML,Digestive Health,,Drops,Liquid,179.76,206.72,9,
FERLIN SYRUP 120ML,Digestive Health,,Syrup,Liquid,399.99,460,3,was_negative_stock
FERN C cap,Vitamins & Supplements,,Capsule,Pieces,8.8,10.25,30,
FERRICORE 325mg (Ferrous sulfate),Vitamins & Supplements,Ferrous sulfate,Piece,Pieces,0.62,2,257,
FERROUS SULFATE 100s (United Home),Vitamins & Supplements,United Home,Piece,Pieces,196.15,226,0,no_stock
FESTIVE STICKS馃崼CHOCOLATE,Food & Beverages,,Piece,Pieces,18,24,0,no_stock; was_negative_stock
FESTIVE STICKS馃GABI,Food & Beverages,,Piece,Pieces,18,24,1,
FESTIVE STICKS馃崍MELON,Food & Beverages,,Piece,Pieces,18,24,0,no_stock
FESTIVE STICKS馃煟馃UBE KESO,Food & Beverages,,Piece,Pieces,18,24,3,
FESTIVE STICK馃ゥBUKO SALAD,Food & Beverages,,Piece,Pieces,18,24,2,
FESTIVE STICK馃MILKTEA,Food & Beverages,,Piece,Pieces,7,12,5,
FEVRAL 400MG (IBUPROFEN),Pain Relief,IBUPROFEN,Piece,Pieces,1.12,3.5,73,
FINAPROS 5MG (FINASTERIDE),Heart Health,FINASTERIDE,Piece,Pieces,5.88,12,1,
FINASTERIDE 5MG (RETA),Heart Health,RETA,Piece,Pieces,5.8,12,0,no_stock
FIRSTMED (CEFIXIME) 100MG/60ML,Antibiotics,CEFIXIME,Piece,Pieces,75,160,0,no_stock
FISH CRACKERS SPECIAL 200G,Food & Beverages,,Piece,Pieces,49,65,0,no_stock
FISHDA OISHI 22G,Food & Beverages,,Piece,Pieces,6.5,9,0,no_stock
FITA BACON spread 25G,Food & Beverages,,Piece,Pieces,6.45,9,15,
FITA Crackers 30g,Food & Beverages,,Piece,Pieces,5.56,8,13,
FITA TUNA spread 25g,Food & Beverages,,Piece,Pieces,6.45,9,16,was_negative_stock
FIX CLAYDOH 25G,General (Stationery),,Piece,Pieces,43.2,56,0,no_stock
FIX CLAYDOH 80G,General (Stationery),,Piece,Pieces,95.04,124,1,
FLAGEX 500mg tab (Metronidazole),Antibiotics,Metronidazole,Tablet,Pieces,0.96,3,130,
FLANAX 275mg (Naproxen),Pain Relief,Naproxen,Piece,Pieces,10.46,13,39,
FLANAX COOL GEL 15G,Pain Relief,,Gel,Topical,76.94,90,3,
FLANAX FORTE 550mg (Naproxen),Pain Relief,Naproxen,Piece,Pieces,20.87,25,58,was_negative_stock
FLANAX HOT GEL 15G,Pain Relief,,Gel,Topical,76.94,90,0,no_stock
FLUIMUCIL 100mg (Acetylcysteine),Cough & Cold,Acetylcysteine,Piece,Pieces,12.11,14,32,
FLUIMUCIL 100MG SYRUP 100ML,Cough & Cold,,Syrup,Liquid,257.24,296,2,
FLUIMUCIL 200mg (Acetylcysteine),Cough & Cold,Acetylcysteine,Piece,Pieces,14.78,19,36,was_negative_stock
FLUIMUCIL 600mg (Acetylcysteine),Cough & Cold,Acetylcysteine,Piece,Pieces,30.68,36,37,was_negative_stock
FOLIUM FE,Vitamins & Supplements,,Piece,Pieces,0,15,100,
FOLIUM OB,Vitamins & Supplements,,Piece,Pieces,0,15,38,
FORALIVIT (Multivitamin+Iron),Vitamins & Supplements,Multivitamin+Iron,Piece,Pieces,1.8,4.5,101,
FORMET 500mg (Metformin),Diabetes Care,Metformin,Piece,Pieces,0.7,2,432,was_negative_stock
FORTI-D 800IU,Vitamins & Supplements,,Piece,Pieces,7.54,9,44,
FORTIFER-FA (IRON+FOLIC+B.COMPLEX),Vitamins & Supplements,IRON+FOLIC+B.COMPLEX,Piece,Pieces,20.65,24,26,was_negative_stock
FORTIMA (Vitamin E+C+ZINC),Vitamins & Supplements,Vitamin E+C+ZINC,Piece,Pieces,11.5,13.5,0,no_stock
FpCONE馃崻COOKIES CREAM,Food & Beverages,,Cream,Topical,19,30,12,
FREDTOR 20MG (ATORVASTATIN),Heart Health,ATORVASTATIN,Piece,Pieces,1.1,5,2,
FREDTOR 40MG (ATORVASTATIN),Heart Health,ATORVASTATIN,Piece,Pieces,2,6,143,was_negative_stock
FRESCO UNDERPADS,Baby & Child Care,,Piece,Pieces,0,20,0,no_stock
FRESH FISH,Food & Beverages,,Piece,Pieces,69.99,91,0,no_stock
FRUTOS CANDY,Food & Beverages,,Piece,Pieces,0.68,2,14,
FULVAST 40MG (ATORVASTATIN),Heart Health,ATORVASTATIN,Piece,Pieces,3.2,6,1,
FULVAST 80MG (ATORVASTATIN),Heart Health,ATORVASTATIN,Piece,Pieces,5.6,12,0,no_stock
FUNGAZONE CREAM (KETOCONAZOLE),Skin Care,KETOCONAZOLE,Cream,Topical,46,100,0,no_stock; was_negative_stock
FUNGISOL 4ml,Skin Care,,Piece,Pieces,160.2,184,3,
FUNXION 75mg (Pregabalin),Pain Relief,Pregabalin,Piece,Pieces,38.77,46,13,
FUROSEMIDE 20mg (DM),Heart Health,DM,Piece,Pieces,0.42,2,130,
FUSEDEX 40MG (FUROSEMIDE),Heart Health,FUROSEMIDE,Piece,Pieces,0.58,1.75,0,no_stock
Gantsilyo (Table Cloth),General,Table Cloth,Piece,Pieces,0,1300,7,
GARDAN 500MG (MEFENAMIC ACID),Pain Relief,MEFENAMIC ACID,Piece,Pieces,29.25,34,11,
GARLIC BOY BAWANG 90G,Vitamins & Supplements,,Piece,Pieces,18,25,2,was_negative_stock
GASTRIFAR 10MG (Domperidone),Digestive Health,Domperidone,Piece,Pieces,0.6,3,100,
GASTRODOL- H 10G (HNBB),Digestive Health,HNBB,Piece,Pieces,2.5,6,1,
GASTROZEN 40MG (PANTROPAZOLE),Digestive Health,PANTROPAZOLE,Piece,Pieces,3,10,100,
GATORADE BLUE BOLT 500ML,Food & Beverages,,Piece,Pieces,42.03,55,0,no_stock; was_negative_stock
GATORADE GRAPE 500ML,Food & Beverages,,Piece,Pieces,42.04,55,0,no_stock
GATORADE ORANGE 500ML,Food & Beverages,,Piece,Pieces,42.03,55,0,no_stock
GATORADE TROPICAL 500ML,Food & Beverages,,Piece,Pieces,42.03,55,0,no_stock
GAUZE pad 3x3 (SUREGUARD),First Aid,SUREGUARD,Pad,Pieces,2.15,5,200,
GAUZE PAD 4X4 (OREX),First Aid,OREX,Pad,Pieces,2.2,6,274,
GAUZE PAD 4x4 (SUREGUARD),First Aid,SUREGUARD,Pad,Pieces,2.2,6,0,no_stock
GAUZE roll 2x10 (SUREGUARD),First Aid,SUREGUARD,Roll,Roll,12,22,18,
GAUZE roll 3x10 (PARTNERS),First Aid,PARTNERS,Roll,Roll,13,26,0,no_stock
GAUZE roll 3x10 (SUREGUARD),First Aid,SUREGUARD,Roll,Roll,13,26,10,
GAUZE ROLL 4X10 (OREX),First Aid,OREX,Roll,Roll,16,32,0,no_stock
GAUZE ROLL 4X10 (PARTNERS),First Aid,PARTNERS,Roll,Roll,15,32,0,no_stock
GAUZE roll 4x10 (SURE GUARD),First Aid,SURE GUARD,Roll,Roll,16,32,18,was_negative_stock
GAVISCON liquid  Double Action 10ml,Digestive Health,,Piece,Pieces,39.46,46,7,was_negative_stock
GAVISCON liquid 10ml,Digestive Health,,Piece,Pieces,31.63,37,26,
GAVISCON tab,Digestive Health,,Tablet,Pieces,22.23,26,41,
GAVISCON TAB. DOUBLE ACTION,Digestive Health,,Tablet,Pieces,21.2,25,28,was_negative_stock
GC (ethyl) 500ml W/ MOIST,Personal Care,ethyl,Piece,Pieces,81.31,96,0,no_stock
GC 150ml (Isopropyl),Personal Care,Isopropyl,Piece,Pieces,30.88,40,2,
GC 150ML W/ MOIST (Isopropyl),Personal Care,Isopropyl,Piece,Pieces,31.36,44,7,was_negative_stock
GC 250ML (Isopropyl),Personal Care,Isopropyl,Piece,Pieces,44.2,58,4,
GC 250ml W/ MOIST  (Isopropyl),Personal Care,Isopropyl,Piece,Pieces,46.62,61,5,was_negative_stock
GC 500ml (Isopropyl),Personal Care,Isopropyl,Piece,Pieces,78.19,105,3,
GC 500ml W/ MOIST (Isopropyl),Personal Care,Isopropyl,Piece,Pieces,80.27,106,6,was_negative_stock
GC 60ml W/ MOIST (Isopropyl),Personal Care,Isopropyl,Piece,Pieces,17.85,23,0,no_stock
GC 75ml (Isopropyl),Personal Care,Isopropyl,Piece,Pieces,20.62,26,0,no_stock
GC SOAP (ClearRadiance) 125g,Personal Care,ClearRadiance,Soap,Pieces,33.98,43,2,
GC soap 125g (Cool Mountain),Personal Care,Cool Mountain,Soap,Pieces,33.98,44,3,
GC soap 125g (Purecare),Personal Care,Purecare,Soap,Pieces,33.32,42,2,
GEL-MALICID(Alum. magnesium 200/100),Digestive Health,Alum. magnesium 200/100,Gel,Topical,2.2,4,1,
GENBAC CV 312.50MG (CO-AMOXICLAV),Antibiotics,CO-AMOXICLAV,Piece,Pieces,109,320,0,no_stock
GENTAKAST 10MG (MONTELUKAST),Allergy & Sinus,MONTELUKAST,Piece,Pieces,2.5,6,3,
GENTAM AMPULE 80MG/2ML(Gentamicin),Antibiotics,Gentamicin,Injection,Pieces,8,25,16,was_negative_stock
GILLETE RUBBIE YELLOW 1'S,Personal Care,,Piece,Pieces,25.63,33,7,
Gillette Blade,Personal Care,,Piece,Pieces,6.6,10,99,
Gillette Rubie Blade,Personal Care,,Piece,Pieces,40,50,5,
GINGKO BILOBA,Vitamins & Supplements,,Piece,Pieces,3.96,6.5,30,
GIRAN 16mg (Candesartan),Heart Health,Candesartan,Piece,Pieces,10,25,5,
GLADE Airfresh 6 Oz.,Personal Care,,Piece,Pieces,149,149,1,
GLADE airfresher 8 Oz.,Personal Care,,Piece,Pieces,154,154,0,no_stock
GLICLYDE 60MG (GLICLAZIDE),Diabetes Care,GLICLAZIDE,Piece,Pieces,5.2,12,1,
GLIFRED MR 30MG (Gliclazide),Diabetes Care,Gliclazide,Piece,Pieces,1.66,4,0,no_stock
GLIMESAPH 2MG (GLIMEPIRIDE),Diabetes Care,GLIMEPIRIDE,Piece,Pieces,1.2,6,2,
GLOBISAPH 630MG (KETOANALOGIES+ESSENTIAL),Vitamins & Supplements,KETOANALOGIES+ESSENTIAL,Piece,Pieces,4.5,20,99,was_negative_stock
GLOSARTAN 40MG (TELMISARTAN),Heart Health,TELMISARTAN,Piece,Pieces,2.33,8,0,no_stock
GLOSARTAN 80MG (TELMISARTAN),Heart Health,TELMISARTAN,Piece,Pieces,3.33,11,372,was_negative_stock
GLOVES (M) OREX,Medical Devices & Consumables,M,Piece,Pieces,2.2,5,0,no_stock
GLOVES (L) SUREGUARD,Medical Devices & Consumables,L,Piece,Pieces,2.2,5,100,
GLOVES M (DR. CHOICE),Medical Devices & Consumables,DR. CHOICE,Piece,Pieces,2.2,5,0,no_stock
GLOVES (L) GLOMED,Medical Devices & Consumables,L,Piece,Pieces,0.0,0.0,32,MISSING; CALCULATED
Gloves M (GLOMED),Medical Devices & Consumables,GLOMED,Piece,Pieces,2.2,5,132,
GLUE STICK 2IN1,Personal Care,,Piece,Pieces,35,50,0,no_stock
GLUTABERRY LOTION 200ML,Personal Care,,Lotion,Liquid,240,289,0,no_stock
GLUTABERRY SOAP 50G,Personal Care,,Soap,Pieces,0,55,0,no_stock
GLUTAPHOS tab,Vitamins & Supplements,,Tablet,Pieces,8.37,11,22,
GLYCEMET 500MG (Metformin),Diabetes Care,Metformin,Piece,Pieces,0.43,2,0,no_stock
GLYCINORM 80MG (GLICLAZIDE),Diabetes Care,GLICLAZIDE,Piece,Pieces,1.5,5,30,
GLYDOLAX (Adult Suppository),Digestive Health,Adult Suppository,Suppository,Pieces,14.59,18,5,
GLYDOLAX Infant Suppository,Digestive Health,,Suppository,Pieces,12.42,15,14,
GLYXAMBI 25/5MG (EMPAGLIFLOZIN + LINAGLIPTIN),Diabetes Care,EMPAGLIFLOZIN + LINAGLIPTIN,Piece,Pieces,84.16,97,54,was_negative_stock
GO CUP Batchoy (Lucky Me),Food & Beverages,Lucky Me,Piece,Pieces,21.5,33,1,
GO CUP Beef 40g( Lucky Me),Food & Beverages,Lucky Me,Piece,Pieces,21.5,33,0,no_stock
GO CUP Bulalo (Lucky Me) 40g,Food & Beverages,Lucky Me,Piece,Pieces,21.5,33,0,no_stock
GO CUP Chicken Mami (Lucky Me),Food & Beverages,Lucky Me,Piece,Pieces,21.5,33,0,no_stock
GO CUP CHICKEN SOTANGHON (Lucky Me),Food & Beverages,Lucky Me,Piece,Pieces,26,34,6,
GO CUP Jjampong (Lucky Me),Food & Beverages,Lucky Me,Piece,Pieces,26,34,4,was_negative_stock
GO CUP Seafood 40g( Lucky Me),Food & Beverages,Lucky Me,Piece,Pieces,21.5,33,3,was_negative_stock
GO CUP Shrimp Tonkatsu 40g( Lucky Me),Food & Beverages,Lucky Me,Piece,Pieces,25.5,33,3,
GO CUP SPICY BATCHOY 40G (Lucky Me),Food & Beverages,Lucky Me,Piece,Pieces,21.25,33,6,was_negative_stock
GO CUP Spicy Bulalo (LUCKY ME),Food & Beverages,LUCKY ME,Piece,Pieces,21.5,33,4,was_negative_stock
GO CUP SPICY LAPAZ BATCHOY,Food & Beverages,,Piece,Pieces,21.5,33,0,no_stock
GOCLAZ 30MG (GLICLAZIDE),Diabetes Care,GLICLAZIDE,Piece,Pieces,1.8,6,5,
GOPAIN 500mg (Mefenamic),Pain Relief,Mefenamic,Piece,Pieces,1.2,3,13,
GOREE LOTION,Personal Care,,Lotion,Liquid,162,250,0,no_stock
GOSTAT 10MG (ATORVASTATIN),Heart Health,ATORVASTATIN,Piece,Pieces,0.9,3,180,was_negative_stock
GOSTAT 40MG (ATORVASTATIN),Heart Health,ATORVASTATIN,Piece,Pieces,1.8,6,0,no_stock
GOSTIN 10MG (ATORVASTATIN),Heart Health,ATORVASTATIN,Piece,Pieces,0.9,3.5,0,no_stock
GOTAMED 5G (BETAMETASOME),Skin Care,BETAMETASOME,Piece,Pieces,26,150,3,
GOTAZIDINE 35MG(Trimetazidine),Heart Health,Trimetazidine,Piece,Pieces,1.6,10,0,no_stock
GOTORVAST 20MG (ATORVASTATIN),Heart Health,ATORVASTATIN,Piece,Pieces,1.15,5,0,no_stock
GOTYL 600MG (ACETYLCYSTEINE),Cough & Cold,ACETYLCYSTEINE,Piece,Pieces,11,32,0,no_stock
GOUTSAPH 500MCG (COLCHICINE),Heart Health,COLCHICINE,Piece,Pieces,1.05,4,0,no_stock
GOYA (ALMOND&RAISIN),Food & Beverages,ALMOND&RAISIN,Piece,Pieces,26,33,0,no_stock
GRABALIN 75MG (PREGABALIN),Pain Relief,PREGABALIN,Piece,Pieces,4.8,13,0,no_stock
GRAHAM HONEY SINGLE,Food & Beverages,,Piece,Pieces,5.95,8,15,was_negative_stock
GRAXOSTAT 40MG (FEBUXOSTAT),Diabetes Care,FEBUXOSTAT,Piece,Pieces,4.2,20,3,
GREAT TASTE CHOCO TWIN,Food & Beverages,,Piece,Pieces,12.6,16,0,no_stock
GREAT TASTE WHITE,Food & Beverages,,Piece,Pieces,12.6,16,1,
GREEN TISSUE 480 SHEETS,Personal Care,,Piece,Pieces,17.5,25,1,
GROWEE 120ml,Vitamins & Supplements,,Piece,Pieces,181.69,209,1,
GROWEE 250ml,Vitamins & Supplements,,Piece,Pieces,316.05,364,2,
GROWEE DROPS 15ML,Vitamins & Supplements,,Drops,Liquid,95.91,111,5,
GUAIFENESIN 100mg cap (DM),Cough & Cold,DM,Capsule,Pieces,1.48,4,52,
GUT PREBIO 1'S,Vitamins & Supplements,,Piece,Pieces,35,41.25,16,
GYNEPRO Feminine Wash 60ml,Personal Care,,Piece,Pieces,91.89,119,1,
HAEMOREX 500MG (TRANEXAMIC ACID),Vitamins & Supplements,TRANEXAMIC ACID,Piece,Pieces,4.9,9,0,no_stock; was_negative_stock
Hailey Tawas Unscented,Personal Care,,Piece,Pieces,14.62,20,6,
HAIR BLACKEN SHAMPOO,Personal Care,,Piece,Pieces,5.72,9,17,
HAMBUTOL 400mg (Ethambutol),Antibiotics,Ethambutol,Piece,Pieces,3,6,46,
HANSEL MOCHA,Food & Beverages,,Piece,Pieces,5.8,8,1,
HAPEE Bubble gum 50ml ( Kids toothpaste ),Baby & Child Care,Kids toothpaste,Piece,Pieces,31.74,42,0,no_stock
HAPEE strawberry 50ml ( Kids toothpaste ),Baby & Child Care,Kids toothpaste,Piece,Pieces,31.74,42,0,no_stock
HAPPY  PANTS L 12s DIAPER,Baby & Child Care,,Piece,Pieces,121.93,159,1,
HAPPY  PANTS L 24s DIAPER,Baby & Child Care,,Piece,Pieces,265.87,346,2,
HAPPY  PANTS M 12s DIAPER,Baby & Child Care,,Piece,Pieces,88.47,107,0,no_stock
HAPPY  PANTS M 24s DIAPER,Baby & Child Care,,Piece,Pieces,218.04,283,2,
HAPPY  PANTS XL 12s DIAPER,Baby & Child Care,,Piece,Pieces,133.62,174,1,
HAPPY Cotton 10g,First Aid,,Cotton,Pieces,4.45,7,28,was_negative_stock
HAPPY Cotton 40g,First Aid,,Cotton,Pieces,18.96,25,5,was_negative_stock
HAPPY Cotton 80g,First Aid,,Cotton,Pieces,34.51,45,8,
HAPPY COTTON BALLS 50'S,First Aid,,Cotton,Pieces,10.81,45,5,
HAPPY COTTON BUDS 200 TIPS,First Aid,,Cotton,Pieces,14.47,20,6,
HAPPY PANTS XL24 DIAPER,Baby & Child Care,,Piece,Pieces,214.12,262,2,was_negative_stock
HAPPY PANTS XXL 12s DIAPER,Baby & Child Care,,Piece,Pieces,113.69,136,0,no_stock
HAPPY PANTS XXL 24s DIAPER,Baby & Child Care,,Piece,Pieces,226.19,259,0,no_stock
HAPPY PANTS XXXL 24+3,Baby & Child Care,,Piece,Pieces,303.98,365,5,
HARCEE 250ml(Ascorbic Acid)Syrup,Vitamins & Supplements,Ascorbic Acid,Syrup,Liquid,68.5,140,0,no_stock
HARVIMIDE 2MG (LOPERAMIDE),Digestive Health,LOPERAMIDE,Piece,Pieces,0.59,3,0,no_stock
HAW HAW MILK CANDY,Food & Beverages,,Piece,Pieces,0.78,2,13,was_negative_stock
Headband for women,Personal Care,,Piece,Pieces,0,50,0,no_stock; was_negative_stock
HEMARATE FA (Iron+Bcomplex+Folic acid),Vitamins & Supplements,Iron+Bcomplex+Folic acid,Piece,Pieces,28.06,33,27,
HEMARATE FA 12+3 (Iron+folic acid+B.complex),Vitamins & Supplements,Iron+folic acid+B.complex,Piece,Pieces,336.8,387,0,no_stock
HESMINSAPH 450/50mg (Diosmin+Hesperidin),Heart Health,Diosmin+Hesperidin,Piece,Pieces,10,20,0,no_stock
HIGH ENDURANCE (FRESH)OLD SPICE,Personal Care,FRESH,Piece,Pieces,86.59,113,0,no_stock
HIGH ENDURANCE old spice 14g ( Pure Sport ),Personal Care,Pure Sport,Piece,Pieces,77.84,94,0,no_stock
HIMOX 125MG/60ML SUSP. (Amoxicillin),Antibiotics,Amoxicillin,Suspension,Liquid,118.81,137,2,
HIMOX 250MG/60ML SUSP. (Amoxicillin),Antibiotics,Amoxicillin,Suspension,Liquid,172.16,198,3,
HIMOX DROPS 10ML (Amoxicillin),Antibiotics,Amoxicillin,Drops,Liquid,102.11,118,3,
HISTAKON 16mg (Betahistine),Heart Health,Betahistine,Piece,Pieces,6.2,12.5,1,
HISTAKON 24MG (BETAHISTINE ),Heart Health,BETAHISTINE,Piece,Pieces,4.2,24,12,
HISTAKON 8MG (BETAHISTINE),Heart Health,BETAHISTINE,Piece,Pieces,1.95,8,13,
HISTAMOX SYRP 60ML(DIPHENHYDRAMINE),Allergy & Sinus,DIPHENHYDRAMINE,Syrup,Liquid,14.2,40,4,
HISTAZYN 50mg (Diphenhydramin),Allergy & Sinus,Diphenhydramin,Piece,Pieces,0.72,2.5,55,
HIVENT PLUS NEB. (SALBU+IPRA),Cough & Cold,SALBU+IPRA,Piece,Pieces,12,26,9,
HONG THAI INHALER,Personal Care,,Inhaler,Pieces,63,150,0,no_stock
HOT & COLD pack (surrmed),Medical Devices & Consumables,surrmed,Pack,Pieces,80,100,0,no_stock
HOT WATER bag 1L,Medical Devices & Consumables,,Piece,Pieces,95,150,6,
HOVICOR 15G (HYDROCORTISONE),Skin Care,HYDROCORTISONE,Piece,Pieces,110,210,2,was_negative_stock
HYCLENS 60ML(CHLORHEXIDINE GLUCONATE),Personal Care,CHLORHEXIDINE GLUCONATE,Piece,Pieces,238,345,0,no_stock
HYDRITE APPLE (Oral Rehydration),Digestive Health,Oral Rehydration,Piece,Pieces,16.92,20,22,was_negative_stock
HYDRITE PLAIN (Oral Rehydration),Digestive Health,Oral Rehydration,Piece,Pieces,16.15,19,15,
HYDROCORTISONE CREAM (CENTRAMED),Heart Health,CENTRAMED,Cream,Topical,60,200,0,no_stock
HYDROSONE CREAM 10MG (HYDROCORTISONE),Skin Care,HYDROCORTISONE,Cream,Topical,70,200,0,no_stock
HYOPAN 10MG (HYOSCINE -NBB),Digestive Health,HYOSCINE -NBB,Piece,Pieces,2.7,7,82,was_negative_stock
HYOSPAN 60ml  (Hyoscine),Digestive Health,Hyoscine,Piece,Pieces,51.6,97,3,
HYOSWELL 10MG (HYOSCINE -NBB),Digestive Health,HYOSCINE -NBB,Piece,Pieces,3.1,6,5,
HYZONATE 250MG VIAL (HYDROCORTISONE),Skin Care,HYDROCORTISONE,Injection,Pieces,96,195,10,
IBERET ACTIVE (Multivitamins+Iron),Vitamins & Supplements,Multivitamins+Iron,Piece,Pieces,30.24,35,13,
IBERET FOLIC (Multivitamins+Iron),Vitamins & Supplements,Multivitamins+Iron,Piece,Pieces,32.57,37.5,16,
IBUFEN 400mg tab (Ibuprofen),Pain Relief,Ibuprofen,Tablet,Pieces,0.75,2.5,28,
ICE BAG MEDICORE,Medical Devices & Consumables,,Piece,Pieces,85,125,2,
ICE BAG SIZE 6 Advan,Medical Devices & Consumables,,Piece,Pieces,85,125,2,
ICOLOR SHAMPOO LIGHT BROWN,Personal Care,,Piece,Pieces,63.64,79.5,1,
ICOLOR SHAMPOO WILD CHERRY,Personal Care,,Piece,Pieces,63.64,79.5,8,
ICY POPS 馃崜 STRAWBERRY,Food & Beverages,,Piece,Pieces,8.25,12,5,
ICY POPS 馃崼CHOCOLATE,Food & Beverages,,Piece,Pieces,8.25,12,2,
ICY POPS 馃キMANGO,Food & Beverages,,Piece,Pieces,8.25,12,4,
ICY POPS 馃崐ORANGE,Food & Beverages,,Piece,Pieces,8.25,12,15,
ICY POPS馃崍MELON,Food & Beverages,,Piece,Pieces,8.25,12,4,
ILLUSTRATION BOARD 1/8,General (Stationery),,Piece,Pieces,8,12,6,
IMMUNOMAX 120ML,Vitamins & Supplements,,Piece,Pieces,384,477,1,
IMMUNPRO (Sodium ascorbate+Zinc),Vitamins & Supplements,Sodium ascorbate+Zinc,Piece,Pieces,8.56,10,30,
IMMUNPRO 7+1(Sodium ascorb+Zinc),Vitamins & Supplements,Sodium ascorb+Zinc,Piece,Pieces,54.48,63,33,was_negative_stock
IMODIUM 2mg (Loperamide),Digestive Health,Loperamide,Piece,Pieces,16.05,20,20,was_negative_stock
INDOPLAS BP APPARATUS DIG. W/ADAPTOR,Medical Devices & Consumables,,Piece,Pieces,960,1300,0,no_stock
INFACARE 5mg (Folic acid),Vitamins & Supplements,Folic acid,Piece,Pieces,1.25,6,147,
INFAMIX 50MG (MEFENAMIC),Pain Relief,MEFENAMIC,Piece,Pieces,16.75,50,3,
INHIBITA 40mg (Omeprazole),Digestive Health,Omeprazole,Piece,Pieces,3.6,9,240,was_negative_stock
INOZAR 5/50MG (AMLO+LOSARTAN),Heart Health,AMLO+LOSARTAN,Piece,Pieces,7.66,11,0,no_stock; was_negative_stock
INSULIN 1/2CC SYRINGE (TERUMO),Diabetes Care,TERUMO,Syringe,Pieces,8.45,15,46,was_negative_stock
INSULIN 1CC SYRINGE (TERUMO),Diabetes Care,TERUMO,Syringe,Pieces,8.4,17,46,was_negative_stock
IRBENOV 150MG (IRBESARTAN),Heart Health,IRBESARTAN,Piece,Pieces,4.11,8,3,
IRBEQ 150mg (Irbesartan),Heart Health,Irbesartan,Piece,Pieces,3.9,9,83,was_negative_stock
IRBEQ 300MG (IRBESARTAN),Heart Health,IRBESARTAN,Piece,Pieces,7.6,17,139,
ISMODIN 30MG (ISOSORBIDE),Heart Health,ISOSORBIDE,Piece,Pieces,7.8,16,43,
ISOLYTE 30MG (ISOSORBIDE MONONITRATE),Heart Health,ISOSORBIDE MONONITRATE,Piece,Pieces,4.35,12,1,
ISOPROPYL ALCOHOL GALLON,Personal Care,,Piece,Pieces,350,455,1,
ISORE 5ml (Poly+Neo+Dexa),Eye & Ear Care,Poly+Neo+Dexa,Piece,Pieces,125,200,2,
J.CHEMIE 60ML (HYDROGEN PEROXIDE),First Aid,HYDROGEN PEROXIDE,Piece,Pieces,21.6,28,5,
JACKSTONE,Food & Beverages,,Piece,Pieces,6,10,0,no_stock; was_negative_stock
JANUMET 50mg/500mg (Sitagliptin/Metformin),Diabetes Care,Sitagliptin/Metformin,Piece,Pieces,25.05,29,0,no_stock
JERGENS AGE DEFY 50ML LOTION,Personal Care,,Lotion,Liquid,48.25,63,0,no_stock
JERGENS SKIN BRIGHT. 100ML LOTION,Personal Care,,Lotion,Liquid,154,200,0,no_stock
JERGENS SOOTH. ALOE 100ML LOTION,Personal Care,,Lotion,Liquid,95,124,0,no_stock
JIN AN POCKET TISSUE,Personal Care,,Piece,Pieces,4.5,10,31,
JJ BABY BATH MILK+RICE 100ML,Baby & Child Care,,Piece,Pieces,59.02,77,3,was_negative_stock
JJ BABY BATH TOP TO TOE 100ML,Baby & Child Care,,Piece,Pieces,82.6,107,4,
Jj Baby Oil ALOE 125ml,Baby & Child Care,,Piece,Pieces,112.57,142,4,
Jj Baby Oil ALOE 25ml,Baby & Child Care,,Piece,Pieces,29.57,38,8,
Jj Baby Oil ALOE 50ml,Baby & Child Care,,Piece,Pieces,53.57,69,2,
Jj Baby Oil LITE 125ml,Baby & Child Care,,Piece,Pieces,112.57,146,2,
Jj Baby Oil LITE 25ml,Baby & Child Care,,Piece,Pieces,29.88,39,5,
Jj Baby Oil LITE 50ml,Baby & Child Care,,Piece,Pieces,54.13,70,6,
JJ Baby oil REGULAR 125ml,Baby & Child Care,,Piece,Pieces,91.7,119,3,
JJ Baby oil REGULAR 25ml,Baby & Child Care,,Piece,Pieces,22.22,30,3,was_negative_stock
Jj Baby Oil REGULAR 50ml,Baby & Child Care,,Piece,Pieces,42.67,57,3,was_negative_stock
JJ Baby powder 100g CLASSIC,Baby & Child Care,,Powder,Pieces,51.75,67,4,
JJ Baby powder 100g PINK BLOSSOM,Baby & Child Care,,Powder,Pieces,60.38,79,2,
JJ Baby powder 200g CLASSIC,Baby & Child Care,,Powder,Pieces,100.7,131,2,was_negative_stock
JJ Baby powder 200g PINK BLOSSOM,Baby & Child Care,,Powder,Pieces,117.61,153,2,
JJ Baby powder 25g  BEDTIME,Baby & Child Care,,Powder,Pieces,25.28,32,5,
JJ Baby powder 25g BLOSSOM PINK,Baby & Child Care,,Powder,Pieces,18.14,24,4,
JJ Baby powder 25g CLASSIC,Baby & Child Care,,Powder,Pieces,17.39,22,10,was_negative_stock
JJ Baby powder 50g CLASSIC,Baby & Child Care,,Powder,Pieces,27,35,3,
JJ Baby powder 50g PINK BLOSSOM,Baby & Child Care,,Powder,Pieces,31.56,40,7,
JJ Baby powder BEDTIME 100g,Baby & Child Care,,Powder,Pieces,70.71,88,1,
JJ Baby powder BEDTIME 200g,Baby & Child Care,,Powder,Pieces,131.58,171,2,
JJ Baby powder MILK+RICE 200g,Baby & Child Care,,Powder,Pieces,107.98,135,0,no_stock
JJ Baby powder MILK+RICE 50g,Baby & Child Care,,Powder,Pieces,28.27,35,0,no_stock; was_negative_stock
JJ BABY SHAM. ACTIVE & FRESH 100ML,Baby & Child Care,,Piece,Pieces,87.25,114,3,
Jj Baby soap blossom 100g,Baby & Child Care,,Soap,Pieces,34.75,46,2,
JJ Baby soap regular 100g,Baby & Child Care,,Soap,Pieces,29.7,40,0,no_stock
JJ Col Happy Berries 25ml,Personal Care,,Piece,Pieces,23.81,30,0,no_stock
JJ Col Happy Berries 50ml,Personal Care,,Piece,Pieces,38.67,47,0,no_stock
JJ Col Heaven 50ml,Personal Care,,Piece,Pieces,38.89,47,0,no_stock
JJ Col Morning Dew 25ml,Personal Care,,Piece,Pieces,25.63,32,3,
JJ Col Morning Dew 50ml,Personal Care,,Piece,Pieces,41.32,54,0,no_stock
JJ Col Powder Mist 25ml,Personal Care,,Powder,Pieces,25.63,32,2,
JJ Col Powder Mist 50ml,Personal Care,,Powder,Pieces,41.32,54,0,no_stock
JJ Col Slide 25ml,Personal Care,,Piece,Pieces,25.63,32,0,no_stock
JJ Col Slide 50ml,Personal Care,,Piece,Pieces,41.32,54,0,no_stock
JJ Col Summer Swing 25ml,Personal Care,,Piece,Pieces,24.4,30,1,
JJ Col Summer Swing 50ml,Personal Care,,Piece,Pieces,42.19,55,0,no_stock
JJ POWDER BEDTIME 50G,Personal Care,,Powder,Pieces,35.92,45,3,
JUICY COLOGNE ANGEL BLISS 25ML,Heart Health,,Piece,Pieces,13.77,18,0,no_stock
JUICY COLOGNE ANGEL BLISS 50ml,Heart Health,,Piece,Pieces,24.94,32,0,no_stock
JUICY COLOGNE DREAMSICLE 25ML,Personal Care,,Piece,Pieces,13.77,18,0,no_stock
JUICY COLOGNE Dreamsicle 50ML,Personal Care,,Piece,Pieces,24.94,32,1,
JUICY COLOGNE Icylicious 25ML,Personal Care,,Piece,Pieces,13.77,18,1,
JUICY COLOGNE Icylicious 50ML,Personal Care,,Piece,Pieces,24.94,32,0,no_stock
JUICY COLOGNE Orange twist 25ML,Personal Care,,Piece,Pieces,13.77,18,0,no_stock
JUICY COLOGNE Orange twist 50ML,Personal Care,,Piece,Pieces,24.94,32,0,no_stock
JUICY COLOGNE Sprightly 25ML,Personal Care,,Piece,Pieces,13.77,18,1,
JUICY COLOGNE Sprightly 50ML,Personal Care,,Piece,Pieces,24.94,32,1,
JUICY COLOGNE SWEET DELIGHT 25ML,Personal Care,,Piece,Pieces,13.77,18,0,no_stock
JUICY COLOGNE SWEET DELIGHT 50ML,Personal Care,,Piece,Pieces,24.94,32,0,no_stock
K-LYTE 600MG (POTASSIUM CHLORIDE),Heart Health,POTASSIUM CHLORIDE,Piece,Pieces,20.16,23,44,
KAMILLOSAN Spray,First Aid,,Spray,Liquid,412.44,484,3,
KAPTROBAN 5G (MUPIROCIN),Skin Care,MUPIROCIN,Piece,Pieces,34,150,1,was_negative_stock
KARVIDOL 25mg (Carvedilol),Heart Health,Carvedilol,Piece,Pieces,3.45,9,58,
KARVIDOL 6.25mg (Carvedilol),Heart Health,Carvedilol,Piece,Pieces,2.1,7,64,was_negative_stock
KATHREX 240MG SUSP. (COTRIMOXAZOLE) 60ML,Antibiotics,COTRIMOXAZOLE,Suspension,Liquid,31.75,65,2,
KATHREX 480mg/80mg tab (Cotrimoxazole),Antibiotics,Cotrimoxazole,Tablet,Pieces,0.8,3,2,
KATHREX FORTE 960mg (Cotrimoxazole),Antibiotics,Cotrimoxazole,Piece,Pieces,1.4,5,69,
KATIALIS 15g,Personal Care,,Piece,Pieces,37.03,48,5,
KATIALIS 30g,Personal Care,,Piece,Pieces,57.69,75,4,was_negative_stock
KATIALIS 5g,Personal Care,,Piece,Pieces,24.99,33,6,was_negative_stock
KATINKO 10g,Personal Care,,Piece,Pieces,35,45,10,was_negative_stock
KATINKO Inhaler,Personal Care,,Inhaler,Pieces,54.54,72,2,was_negative_stock
KATINKO Jar 30g,Personal Care,,Piece,Pieces,80,104,4,was_negative_stock
KATINKO oil  Roll on 10ml,Personal Care,,Roll,Roll,40.2,69,7,was_negative_stock
KATINKO Stick 10g,Personal Care,,Piece,Pieces,31.77,69,0,no_stock
KERATIN GOLD SACHET,Personal Care,,Sachet,Pieces,5.75,8,3,
KETOMIRIN 630MG (KETOANA+ESSENTIAL),Vitamins & Supplements,KETOANA+ESSENTIAL,Piece,Pieces,6.45,20,6,
KETOREX (KETO+ANALOGUES),Vitamins & Supplements,KETO+ANALOGUES,Piece,Pieces,6.1,20,0,no_stock
KHRIZCOPAN 10MG (HNBB),Digestive Health,HNBB,Piece,Pieces,2.3,6,0,no_stock; was_negative_stock
KHRIZMED 3.35G/60ML (LACTULOSE),Digestive Health,LACTULOSE,Piece,Pieces,71.5,180,2,was_negative_stock
KIDDILETS 120mg (Paracetamol),Pain Relief,Paracetamol,Piece,Pieces,3.57,5,573,
KIDDYPLUZ-C 120ML(SODIUM ASCORBATE+ZINC),Vitamins & Supplements,SODIUM ASCORBATE+ZINC,Piece,Pieces,42,85,3,
KIDICEF 250MG/60ML (PARACETAMOL),Pain Relief,PARACETAMOL,Piece,Pieces,15,50,3,was_negative_stock
KIDIMEED C PLUS 60ML (ASCORBIC+ZINC),Vitamins & Supplements,ASCORBIC+ZINC,Piece,Pieces,18,50,5,
KIDNEY CARE,Vitamins & Supplements,,Piece,Pieces,17.16,20,31,was_negative_stock
KLARITHIX 500MG( CLARITHROMYCIN),Antibiotics,CLARITHROMYCIN,Piece,Pieces,11.67,30,64,
KN95 GOLD,Personal Care,,Piece,Pieces,30,50,0,no_stock; was_negative_stock
KOJIESAN Orange 65gx2,Skin Care,,Piece,Pieces,53,66,1,
KOJIESAN Orange 65gx3,Skin Care,,Piece,Pieces,89.55,112,0,no_stock; was_negative_stock
KOOL FEVER Adult,First Aid,,Piece,Pieces,46.88,59,22,was_negative_stock
KOOL FEVER Babies,First Aid,,Piece,Pieces,46.88,59,18,
KOOL FEVER Kids,First Aid,,Piece,Pieces,46.88,59,12,was_negative_stock
KOPIKO BLACK TWIN PACK,Food & Beverages,,Pack,Pieces,12.9,18,16,
KOPIKO BLANCA TWIN PACK,Food & Beverages,,Pack,Pieces,13,18,12,
KOPIKO BROWN TWIN PACK,Food & Beverages,,Pack,Pieces,12.9,18,10,
KRACID 500MG (CLARITHROMYCIN),Antibiotics,CLARITHROMYCIN,Piece,Pieces,13,30,2,
KREMIL S 5+1Alum+Magne+Sime tab,Digestive Health,,Tablet,Pieces,41,55,33,was_negative_stock
KREMIL S ADVANCE 5+1 tab (Famo+Cal+Magne),Digestive Health,Famo+Cal+Magne,Tablet,Pieces,99.05,114,0,no_stock
KREMIL S ADVANCE tab (Famo+Cal+Magne),Digestive Health,Famo+Cal+Magne,Tablet,Pieces,23.34,27,114,
KREMIL S Cool Relief sachet,Digestive Health,,Sachet,Pieces,29.25,34,188,was_negative_stock
KREMIL S tab (Alum+Magne+Sime),Digestive Health,Alum+Magne+Sime,Tablet,Pieces,9.59,11,171,was_negative_stock
KUCHI KUCHI COOL 50g,Personal Care,,Piece,Pieces,61.05,86,4,was_negative_stock
KUCHI KUCHI Nappy powder 50g,Personal Care,,Powder,Pieces,84,105,5,
KUCHI KUCHI Under Arm Foot powder 50g,Personal Care,,Powder,Pieces,66,86,1,
KURT 15G CREAM (HYDROCORTISONE),Skin Care,HYDROCORTISONE,Cream,Topical,0,205,0,no_stock
KWELL SHAMPOO 10ML,Personal Care,,Piece,Pieces,38.93,51,43,
LACTACYD 60ml Pro sensitive (Feminine Wash),Personal Care,Feminine Wash,Piece,Pieces,75.24,98,1,
LACTACYD ALL DAY CARE 60ML,Personal Care,,Piece,Pieces,69.3,87,4,was_negative_stock
LACTACYD GENTLE CARE 150ML ( Baby Bath ),Baby & Child Care,Baby Bath,Piece,Pieces,208.95,271,1,was_negative_stock
LACTACYD GENTLE CARE 60ML,Personal Care,,Piece,Pieces,94.52,118,5,
LACTOKHRIZ 60ML (LACTULOSE),Digestive Health,LACTULOSE,Piece,Pieces,71.5,180,0,no_stock
LADY PILL (Ethinyl+Lvnrgstrl),Personal Care,Ethinyl+Lvnrgstrl,Piece,Pieces,42.2,55,12,was_negative_stock
LECITHIN+VITAMINS (SN-PHOS),Vitamins & Supplements,SN-PHOS,Piece,Pieces,5.16,11,24,
LEMTOR 20 ATORVASTATIN,Heart Health,,Piece,Pieces,1.3,5,5,was_negative_stock
LEMZINC 60ML (ZINC SULFATE),Vitamins & Supplements,ZINC SULFATE,Piece,Pieces,21,65,2,
LENOXA 500MG (LEVOFLOXACIN),Antibiotics,LEVOFLOXACIN,Piece,Pieces,3.5,20,81,
LESTOR 20mg ( Atorvastatin ),Heart Health,Atorvastatin,Piece,Pieces,1.25,5,3,
LESTOR 40MG (ATORVASTATIN ),Heart Health,ATORVASTATIN,Piece,Pieces,1.8,6,0,no_stock
LEUKOREX 10mg (MONTELUKAST),Allergy & Sinus,MONTELUKAST,Piece,Pieces,2.2,6,0,no_stock; was_negative_stock
LEVETREX 500MG (LEVETIRACETAM),Heart Health,LEVETIRACETAM,Piece,Pieces,5,20,56,
LEVONOVA 500MG (LEVOFLOXACIN),Antibiotics,LEVOFLOXACIN,Piece,Pieces,6,20,2,
LEVOPRONT 60ml,Cough & Cold,,Piece,Pieces,429.68,494,2,
LEVOXUS 500 (Levofloxacin),Antibiotics,Levofloxacin,Piece,Pieces,5.5,20,0,no_stock
LICEALIZ 10ml,Personal Care,,Piece,Pieces,14.7,18,17,was_negative_stock
LIFEZAR 50mg ( LOSARTAN ),Heart Health,LOSARTAN,Piece,Pieces,24.06,28,53,
LIPTON FRESH GREEN TEA SACHET,Food & Beverages,,Sachet,Pieces,9,15,0,no_stock
LIPTON YELLOW TEA,Food & Beverages,,Piece,Pieces,5.4,8,6,
LISTERINE Cool Mint 100ml,Personal Care,,Piece,Pieces,52.04,68,0,no_stock
LISTERINE Cool Mint 250ML,Personal Care,,Piece,Pieces,121.3,161,2,
LISTERINE Fresh Burst 100ml,Personal Care,,Piece,Pieces,51.5,67,3,
LISTERINE Fresh Burst 250ML,Personal Care,,Piece,Pieces,121.3,161,3,
LISTERINE Total Care 100ml,Personal Care,,Piece,Pieces,83.71,109,2,
LIV-WHITE CAP.,Vitamins & Supplements,,Capsule,Pieces,45,52,40,
LIVER CARE CAP. (SILYMARIN + PRE),Vitamins & Supplements,SILYMARIN + PRE,Capsule,Pieces,16,19,55,
LIVER GOLD F (Silymarin+Vit. B complex),Vitamins & Supplements,Silymarin+Vit. B complex,Piece,Pieces,9.37,19,89,was_negative_stock
LIVERAIDE cap ( Silymarin ),Vitamins & Supplements,Silymarin,Capsule,Pieces,17.41,22,30,was_negative_stock
LIVERPRIME 9+1,Vitamins & Supplements,,Piece,Pieces,327.36,343,0,no_stock
LOADED CHOCO,Food & Beverages,,Piece,Pieces,8.99,12,0,no_stock
LOADED WHITE CHOCO,Food & Beverages,,Piece,Pieces,8.75,12,0,no_stock
LOLA REMEDIOS,Personal Care,,Piece,Pieces,10.45,14,48,
LOLLIPOP ASSORTED,Food & Beverages,,Piece,Pieces,0.93,2,2,
LOLLIPOP FOOT & FINGER WITH POP,Food & Beverages,,Piece,Pieces,5,6.5,0,no_stock
LOMOTIL 2mg (Loperamide),Digestive Health,Loperamide,Piece,Pieces,12.42,15,40,was_negative_stock
LONG BONDPAPER 1'S,General (Stationery),,Piece,Pieces,0.37,1,470,
LONG BONDPAPER PACK 500'S,General (Stationery),,Pack,Pieces,183,238,4,
LOPEDIUM 2MG (LOPERAMIDE),Digestive Health,LOPERAMIDE,Piece,Pieces,0.5,3,22,
LOPERAMED 2MG (LOPERAMIDE),Digestive Health,LOPERAMIDE,Piece,Pieces,0.5,3,0,no_stock
LOPINOV 50/5MG (AMLO+LOSARTAN),Heart Health,AMLO+LOSARTAN,Piece,Pieces,3.6,11,103,
LOPREXO 100MG (METOPROLOL ),Heart Health,METOPROLOL,Piece,Pieces,1,3.5,100,
LOPREXO 50MG (METOPROLOL),Heart Health,METOPROLOL,Piece,Pieces,0.65,2.25,70,was_negative_stock
LORAPED SYRUP 60ML,Baby & Child Care,,Syrup,Liquid,281.12,323,0,no_stock
LORATAMED 10MG(LORATADINE) TABLET,Allergy & Sinus,LORATADINE,Tablet,Pieces,1.6,6,87,was_negative_stock
LOSAMED 50/5MG (LOSARTAN + AMLODIPINE),Heart Health,LOSARTAN + AMLODIPINE,Piece,Pieces,2.6,11,0,no_stock
Losar+hydro 50mg/12.5mg (THIAXTAN),Heart Health,THIAXTAN,Piece,Pieces,2.1,5,366,was_negative_stock
LOVISCOL 500mg (Carbocisteine),Cough & Cold,Carbocisteine,Piece,Pieces,12.74,15,15,
LUMARTUSS 100mg/5ml 60ml) (GUAIFENESIN),Cough & Cold,GUAIFENESIN,Piece,Pieces,16,40,4,
LUMPIANG SHANGHAI CHEESE 65G,Food & Beverages,,Piece,Pieces,15.5,20,0,no_stock
LUXE SLIM COFFEE ( DARK CHOCO),Food & Beverages,DARK CHOCO,Piece,Pieces,32,40,0,no_stock
LVTA 30'S  ADULT (FM),Personal Care,FM,Piece,Pieces,61,79,5,
"LVTA BLACK,WHITE, BLUE, BROWN MASK",Personal Care,,Mask,Pieces,82,107,5,was_negative_stock
LVTA FM '1,Personal Care,,Piece,Pieces,1.9,5,0,no_stock; was_negative_stock
LVTA KIDS 30' (Facemask),Baby & Child Care,Facemask,Mask,Pieces,39,60,3,
LVTA KN95 5D ADULT 10'S W&B (FACEMASK),Personal Care,FACEMASK,Mask,Pieces,49,65,0,no_stock
LYCOBROX 75MG CAP.(AMBROXOL),Cough & Cold,AMBROXOL,Capsule,Pieces,4,22,109,
LYCOBROX(Ambroxol) drops,Cough & Cold,Ambroxol,Drops,Liquid,18.5,40,0,no_stock
MAC-PANTO 40MG (PANTOPRAZOLE),Digestive Health,PANTOPRAZOLE,Piece,Pieces,2.56,10,18,was_negative_stock
MACRO SET ADULT (COS-MED),Medical Devices & Consumables,COS-MED,Piece,Pieces,21,55,2,
Macro SET ADULT (TUDOR),Medical Devices & Consumables,TUDOR,Piece,Pieces,22.5,50,8,
MANGJUAN CHICKEN SKIN 70G,Food & Beverages,,Piece,Pieces,21.1,25,0,no_stock; was_negative_stock
MANGOZ-T CAPSULE,Vitamins & Supplements,,Capsule,Pieces,12.5,15,0,no_stock
MANILA PAPER,General (Stationery),,Piece,Pieces,4.5,6,6,
MANUKA CREAM 60ML,Skin Care,,Cream,Topical,200,249,2,
MARLUM-C 500MG(SODIUM ASCORBATE) CAPSULE,Vitamins & Supplements,SODIUM ASCORBATE,Capsule,Pieces,0.75,5.75,102,
MARTYS SALTED PLAIN,Food & Beverages,,Piece,Pieces,6.9,9,2,
MARTYS SPICY 24G,Food & Beverages,,Piece,Pieces,6.9,9,1,
MARVELON Pills,Personal Care,,Piece,Pieces,292.85,337,6,was_negative_stock
MASTER FC 135ML ACTIVE BRIGHTENING,Personal Care,,Piece,Pieces,88.12,111,3,
MASTER FC ANTI-PIMPLE 135ml,Personal Care,,Piece,Pieces,88.12,115,3,
MASTER FC ANTI-PIMPLE 70ml,Personal Care,,Piece,Pieces,50.88,66,4,
MASTER FC OIL CONTROL 135ml,Personal Care,,Piece,Pieces,88.82,115,4,
MASTER FC OIL CONTROL 70ml,Personal Care,,Piece,Pieces,50.48,66,5,
MASTER FC PAPAYA 135ml,Personal Care,,Piece,Pieces,75.89,95,3,was_negative_stock
MAXIPEEL #1 30ml,Skin Care,,Piece,Pieces,33.5,44,6,
MAXIPEEL #1 60ml,Skin Care,,Piece,Pieces,54.34,71,5,
MAXIPEEL #2 30ml,Skin Care,,Piece,Pieces,34.14,44,5,was_negative_stock
MAXIPEEL #2 60ml,Skin Care,,Piece,Pieces,62,80,4,
MAXIPEEL #3 30ml,Skin Care,,Piece,Pieces,37.23,48,5,
MAXIPEEL #3 60ml,Skin Care,,Piece,Pieces,63.44,86,3,was_negative_stock
MAXIPEEL Concealing Natural 10g,Digestive Health,,Piece,Pieces,22,30,0,no_stock
MAXIPEEL MOISTURIZER 8G,Skin Care,,Piece,Pieces,14.95,19,22,was_negative_stock
MAXIPEEL SUNBLOCK 15G,Skin Care,,Piece,Pieces,29.32,40,13,was_negative_stock
MAXIPEEL ZERO 50ML,Skin Care,,Piece,Pieces,66.51,83,0,no_stock
Maxvit 6+1 cap,Vitamins & Supplements,,Capsule,Pieces,83.2,102,1,
MAXVIT CAPSULE,Vitamins & Supplements,,Capsule,Pieces,14.84,17,20,
MAXX HONEY LEMON,Food & Beverages,,Piece,Pieces,0.76,2,23,was_negative_stock
MAZINE 20g Cream (Silver Sulfadiazine),Skin Care,Silver Sulfadiazine,Cream,Topical,65,130,3,was_negative_stock
MEASURING cup 30ml,Medical Devices & Consumables,,Piece,Pieces,6,15,34,
Mebendazole 100mg/ml 60ml (DLI),Digestive Health,DLI,Piece,Pieces,21.5,55,5,
MECID 500MG (MEFENAMIC ACID),Pain Relief,MEFENAMIC ACID,Piece,Pieces,0.8,3,100,
MEDCARV 12.5MG (CARVEDILOL),Heart Health,CARVEDILOL,Piece,Pieces,5,13,71,
MEDETAM 500MG (PARACETAMOL),Pain Relief,PARACETAMOL,Piece,Pieces,0.42,2,5,
Medical Tape waterproof,Food & Beverages,,Tape,Roll,2.51,5,58,
MEDICINE DROPPER,Medical Devices & Consumables,,Piece,Pieces,6,12,10,
MEDICOL 200mg (Ibuprofen),Pain Relief,Ibuprofen,Piece,Pieces,7.03,8.5,252,
MEDICOL 400mg (Ibuprofen),Pain Relief,Ibuprofen,Piece,Pieces,12.71,15,142,
MEDICOL ADVANCE  4+1 400mg (Ibuprofen),Pain Relief,Ibuprofen,Piece,Pieces,46.23,60,0,no_stock
MEDICOLINE 500MG (CITICOLINE),Pain Relief,CITICOLINE,Piece,Pieces,9.06,30,16,was_negative_stock
MEDIPLAST BANTAM Strips,First Aid,,Piece,Pieces,1.18,2,300,
MEDIPLAST WATER RESISTANT PLASTERS,First Aid,,Piece,Pieces,0.06,2,1441,
MEDIROSE GEL (EVENING PRIMROSE),Vitamins & Supplements,EVENING PRIMROSE,Gel,Topical,4,8.5,30,was_negative_stock
MEDIVAZT 20MG (ATORVASTATIN),Heart Health,ATORVASTATIN,Piece,Pieces,1.2,5,104,
MEFIDIN 500MG (MEFENAMIC ACID),Pain Relief,MEFENAMIC ACID,Piece,Pieces,0.8,3,3,
MELA 15MG (MELOXICAM),Pain Relief,MELOXICAM,Piece,Pieces,1.6,4,0,no_stock
MELATONIN GUMMIES,Vitamins & Supplements,,Piece,Pieces,450,590,4,
MELMAG(Alum. magnesium)syrup 60ml,Digestive Health,Alum. magnesium,Syrup,Liquid,19,45,2,
MELOX 15MG (MELOXICAM),Pain Relief,MELOXICAM,Piece,Pieces,1.3,4,182,was_negative_stock
Memo plus Gold,Vitamins & Supplements,,Piece,Pieces,18.63,22,1,was_negative_stock
MEMORY ADV (ADULT),Vitamins & Supplements,ADULT,Piece,Pieces,18,21,36,
MEMORY ADV. PLUS (TEENS),Vitamins & Supplements,TEENS,Piece,Pieces,15,17.25,30,
MEMORY ADV. PLUS 120ML,Vitamins & Supplements,,Piece,Pieces,350,403,3,
MENTOS MINT CANDY,Food & Beverages,,Piece,Pieces,0.85,2.5,40,
MEOXICLAV 312.50/60ML (CO-AMOXICLAV),Antibiotics,CO-AMOXICLAV,Piece,Pieces,112,320,7,
MEOXICLAV-DS 457MG SUSP. 70ML (CO-AMOXICLAV),Antibiotics,CO-AMOXICLAV,Suspension,Liquid,145,345,5,
MEPTIN SYRP 60ML (PROCATEROL),Cough & Cold,PROCATEROL,Syrup,Liquid,207.58,239,2,
MERAVIT 120ML (VIT+MIN+PRE+PRO),Vitamins & Supplements,VIT+MIN+PRE+PRO,Piece,Pieces,168,193,6,
METHYDEN 16mg (Methylprednisolone),Allergy & Sinus,Methylprednisolone,Piece,Pieces,8.1,18,0,no_stock
METHYLPREDSAPH 16MG (METHYLPREDNISOLONE),Allergy & Sinus,METHYLPREDNISOLONE,Piece,Pieces,4.7,18,30,
METO 10MG (Metoclopramide),Digestive Health,Metoclopramide,Piece,Pieces,0.85,2,147,
METOCARD 100MG (METOPROLOL),Heart Health,METOPROLOL,Piece,Pieces,1.35,3.5,30,
Metoclopramide 10mg (MOTILLEX),Digestive Health,MOTILLEX,Piece,Pieces,0.85,2,1,
Metoclopramide 60ml syrup (MYCLOSIL),Digestive Health,MYCLOSIL,Syrup,Liquid,18.3,40,0,no_stock
Metoprolol 50mg tab (PROMETHIN),Heart Health,PROMETHIN,Tablet,Pieces,0.67,2,1,
METPREZ 16MG (METHYLPREDNISOLONE),Allergy & Sinus,METHYLPREDNISOLONE,Piece,Pieces,5.95,18,101,
METSOMED 5G (BETAMETASOME),Skin Care,BETAMETASOME,Piece,Pieces,72,150,2,
METSON CREAM 10G (MOMETASONE ),Skin Care,MOMETASONE,Cream,Topical,132,264,0,no_stock
MIA FORTE 500mg (Blumea Sambong),Heart Health,Blumea Sambong,Piece,Pieces,3,8,252,was_negative_stock
MICARDIS 40mg (Telmisartan),Heart Health,Telmisartan,Piece,Pieces,25.03,29,58,
MICARDIS 80mg (Telmisartan),Heart Health,Telmisartan,Piece,Pieces,43.33,50,51,was_negative_stock
MICARDIS PLUS 40/12.5mg (Telimsartan+ HCTZ),Heart Health,Telimsartan+ HCTZ,Piece,Pieces,26.22,31,38,
MICOR 40MG (TELMISARTAN),Heart Health,TELMISARTAN,Piece,Pieces,3.6,8,0,no_stock
MICRO SET PEDIA,Medical Devices & Consumables,,Piece,Pieces,21,55,1,
MICROPIL PILLS,Personal Care,,Piece,Pieces,72.19,85,8,
MICROPORE 1/2 inch (PARTNERS),First Aid,PARTNERS,Piece,Pieces,8.96,15,52,
Micropore 陆inch (SUREGUARD),First Aid,SUREGUARD,Piece,Pieces,8.96,15,0,no_stock; was_negative_stock
Micropore 1inch (PARTNERS),First Aid,PARTNERS,Piece,Pieces,17.5,25,1,
Micropore 1inch (SUREGUARD),First Aid,SUREGUARD,Piece,Pieces,17.92,25,0,no_stock
MIDOL 200MG (IBUPROFEN),Pain Relief,IBUPROFEN,Piece,Pieces,13.71,16,41,
MILCU Underarm&Foot powder 40g,Personal Care,,Powder,Pieces,48.4,71,5,was_negative_stock
MILCU Underarm&Foot pwdr 80g,Personal Care,,Piece,Pieces,96,124,5,was_negative_stock
MILGESIC 125mg/60ml (Paracetamol),Pain Relief,Paracetamol,Piece,Pieces,14.1,45,0,no_stock
MILGESIC 15ml drops (Paracetamol),Pain Relief,Paracetamol,Drops,Liquid,14,40,2,
MILK KNOT 28G,Food & Beverages,,Piece,Pieces,7.5,10,0,no_stock; was_negative_stock
MILO ACTIVE 24G,Food & Beverages,,Piece,Pieces,8.31,12,0,no_stock; was_negative_stock
Mini Nebulizer machine (SURGITECH),Medical Devices & Consumables,SURGITECH,Device,Pieces,780,1100,2,
MINUTE MAID Apple  Fresh 180ml,Food & Beverages,,Piece,Pieces,8.8,12,0,no_stock
MMFRED CREAM 10G (MOMETASONE FUROATE),Skin Care,MOMETASONE FUROATE,Cream,Topical,110,220,5,
MOBY CARAMEL,Food & Beverages,,Piece,Pieces,6.9,9,0,no_stock
MOBY CHOCO CHUM,Food & Beverages,,Piece,Pieces,8.5,11,0,no_stock
MODESS 8+2  with Wings,Personal Care,,Piece,Pieces,38.02,50,4,was_negative_stock
MODESS ALL NIGHT 10'S,Personal Care,,Piece,Pieces,121.15,158,4,was_negative_stock
MODESS All night W 4s,Personal Care,,Piece,Pieces,47.7,62,0,no_stock
MODESS CSoft reg maxi NW 8s,Personal Care,,Piece,Pieces,39,51,3,was_negative_stock
MODESS CSoft reg maxi W 8s,Personal Care,,Piece,Pieces,39,51,0,no_stock
MODESS WINGS 1'S,Personal Care,,Piece,Pieces,5,7,5,
MONDE BANANA BAR 20G,Food & Beverages,,Piece,Pieces,8.52,12,2,
MONDE CHEESE BAR 20G,Food & Beverages,,Piece,Pieces,8.52,12,9,
MONDE CHOCO PUFF 24G,Food & Beverages,,Piece,Pieces,8.15,11,18,
MONDE MAMON CHOCOLATE 43G,Food & Beverages,,Piece,Pieces,18.18,24,1,
MONDE MAMON CLASSIC 43G,Food & Beverages,,Piece,Pieces,15,20,16,was_negative_stock
MONDE MAMON MOCHA43G,Food & Beverages,,Piece,Pieces,16,21,8,
MONDE MAMON STRAWBERRY JAM 43G,Food & Beverages,,Piece,Pieces,18.18,24,0,no_stock
MONPHEVIN 200MG/60ML (Erythromycin),Antibiotics,Erythromycin,Piece,Pieces,46,92,2,
MONPHEVIN 500MG (ERYTHROMYCIN),Antibiotics,ERYTHROMYCIN,Piece,Pieces,4.92,9,0,no_stock
MONTEPHIL-L (Monte+Levo),Allergy & Sinus,Monte+Levo,Piece,Pieces,7.33,15,68,was_negative_stock
MOOO CHOCO POWDER 5G,Food & Beverages,,Powder,Pieces,0.78,2,0,no_stock
MOOO MILK POWDER 5G,Food & Beverages,,Powder,Pieces,0.78,2,1,
Mosegor Vita cap,Vitamins & Supplements,,Capsule,Pieces,60.06,69,19,
MOTICON 25mg (Cinnarizine),Allergy & Sinus,Cinnarizine,Piece,Pieces,0.58,2,0,no_stock; was_negative_stock
MOTILLEX 5MG/60ML (METOCLOPRAMIDE),Digestive Health,METOCLOPRAMIDE,Piece,Pieces,16.5,40,3,
MOTIREX 2MG (LOPERAMIDE),Digestive Health,LOPERAMIDE,Piece,Pieces,0.5,2,100,
MOXYLOR 250MG CAP. (AMOXICILLIN),Antibiotics,AMOXICILLIN,Capsule,Pieces,1.7,4.5,0,no_stock; was_negative_stock
MOXYLOR 250mg60ml (Amoxicillin),Antibiotics,Amoxicillin,Piece,Pieces,25,65,5,
MOXYLOR(Amoxicillin) drops 10ml,Antibiotics,Amoxicillin,Drops,Liquid,15.5,37,7,
MOXYLOR(Amoxicillin)125mg susp 60ml,Antibiotics,Amoxicillin,Suspension,Liquid,19,45,8,
MR. CHIPS 24G,Food & Beverages,,Piece,Pieces,5.75,8,5,was_negative_stock
MUCOBRON 60ml SYRUP (Guai+Dext+Phenyl+Chlor),Cough & Cold,Guai+Dext+Phenyl+Chlor,Syrup,Liquid,119.54,167,0,no_stock
MUCOBRON FORTE ( Guai+Dextro+Phenyl+Chlor cap ),Cough & Cold,Guai+Dextro+Phenyl+Chlor cap,Capsule,Pieces,12.53,17,30,
MUCOFLEM 500MG (CARBOCISTEINE),Cough & Cold,CARBOCISTEINE,Piece,Pieces,0.95,4.5,133,was_negative_stock
MUCOLAX (AMBROXOL) 30MG,Cough & Cold,AMBROXOL,Piece,Pieces,0.45,2,3,
MUCOLAX 15MG/60ML (AMBROXOL),Cough & Cold,AMBROXOL,Piece,Pieces,14,40,5,
MUCOLEM 10MG (DEXTROMETHORPHAN),Cough & Cold,DEXTROMETHORPHAN,Piece,Pieces,0.82,3,10,was_negative_stock
MUCOLIEF 500MG (CARBOCISTEINE),Cough & Cold,CARBOCISTEINE,Piece,Pieces,0.95,4.5,30,was_negative_stock
MUCOSOLVAN 30MG TAB. (AMBROXOL),Cough & Cold,AMBROXOL,Tablet,Pieces,18.77,22,53,
MUCOSOLVAN 75MG CAP.( AMBROXOL),Cough & Cold,AMBROXOL,Capsule,Pieces,46.63,54,13,
MUCOSOLVAN ADULT 60ML,Cough & Cold,,Piece,Pieces,197.01,227,4,
MUCOSOLVAN PEDIA 60ML,Cough & Cold,,Piece,Pieces,146.52,169,3,was_negative_stock
MUCOTUSS FORTE (Para+Guia+Ppa+Dxm+Cp),Cough & Cold,Para+Guia+Ppa+Dxm+Cp,Piece,Pieces,4,9,170,was_negative_stock
MULTIGO cap (Multi+iron),Vitamins & Supplements,Multi+iron,Capsule,Pieces,1.7,5,130,
MULTILEM 60ML (MULTIVITAMINS),Vitamins & Supplements,MULTIVITAMINS,Piece,Pieces,19.5,50,5,
MULTILEM drops 15ml ( Multivitamins ),Vitamins & Supplements,Multivitamins,Drops,Liquid,19.5,39,5,
Multivitamin ( Multivitamin plus ),Vitamins & Supplements,Multivitamin plus,Piece,Pieces,0.7,2,5,was_negative_stock
MUPICAN OINTMENT (MUPIROCIN),Skin Care,MUPIROCIN,Ointment,Topical,38.5,150,0,no_stock
MUPICIN 5G (MUPIROCIN),Skin Care,MUPIROCIN,Piece,Pieces,351.5,405,2,
MUPISAPH 20mg 5g (Mupirocin),Skin Care,Mupirocin,Piece,Pieces,35,150,0,no_stock; was_negative_stock
MX3 Capsule,Vitamins & Supplements,,Capsule,Pieces,15.15,18,87,was_negative_stock
MX3 Coffee,Vitamins & Supplements,,Piece,Pieces,19.58,23,60,was_negative_stock
MYRA CLSC WHITE LOTION 50ML,Personal Care,,Lotion,Liquid,54.78,69,3,
MYRA CLSSC MOIST Lotion 50ml,Personal Care,,Lotion,Liquid,37.43,47,1,was_negative_stock
MYRA E 30s (Vitamin E),Vitamins & Supplements,Vitamin E,Piece,Pieces,347.73,400,4,was_negative_stock
MYRA E 400 I.U (Vitamin E),Vitamins & Supplements,Vitamin E,Piece,Pieces,11.82,14,81,was_negative_stock
MYRA E 400iu 12+2 (Vitamin E),Vitamins & Supplements,Vitamin E,Piece,Pieces,141.82,163,0,no_stock
MYRA E 7+1,Vitamins & Supplements,,Piece,Pieces,82.72,95,41,
"MYRA E ULTIMATE ( VIT. E, LYCOPENE,ASTAXANTHIN)",Vitamins & Supplements,"VIT. E, LYCOPENE,ASTAXANTHIN",Piece,Pieces,20,25,90,was_negative_stock
MYRA F'MOSTURIZER 7ML,Personal Care,,Lotion,Topical,13.12,18,4,was_negative_stock
MYRA FM SMTH GLW 40ML,Personal Care,,Piece,Pieces,104.35,136,3,
MYRA FRESH GLOW F. Moist 50ML,Personal Care,,Piece,Pieces,104.35,136,0,no_stock
MYRA FRESH GLOW F.MOIST 7ML,Personal Care,,Piece,Pieces,13.1,17,4,
MYRA FRESH GLOW FW 10ml,Personal Care,,Piece,Pieces,14,18,11,
MYRA FW FRSH GLOW 50ML,Personal Care,,Piece,Pieces,72.17,94,2,
MYRA FW SMTH GLW 50ML,Personal Care,,Piece,Pieces,72.17,94,1,
MYRA HYDRA. PLUS 100ML LOTION,Personal Care,,Lotion,Liquid,878.3,115,3,
MYRA HYDRA. PLUS 50ML LOTION,Personal Care,,Lotion,Liquid,47.82,63,2,
MYRA HYDRA.GLOW 100ML LOTION,Personal Care,,Lotion,Liquid,76.52,100,6,
MYRA MOIST FW 10ml,Personal Care,,Piece,Pieces,14,19,10,
MYRA WHITE GLOW 100ML LOTION,Personal Care,,Lotion,Liquid,97.4,127,2,
MYRA WHITE SOAP,Personal Care,,Soap,Pieces,21.74,29,6,
MYRACOF 30mg (Ambroxol),Cough & Cold,Ambroxol,Piece,Pieces,8.91,11,90,
MYREFEN 500mg (Mefenamic acid),Pain Relief,Mefenamic acid,Piece,Pieces,0.84,3,428,was_negative_stock
MYREVIT 120ML (MULTIVITAMINS),Vitamins & Supplements,MULTIVITAMINS,Piece,Pieces,30,70,0,no_stock
MYREVIT 500mg(Ascorbic acid) tablet,Vitamins & Supplements,Ascorbic acid,Tablet,Pieces,0.48,2.75,223,
MYREVIT 60ML (MULTIVITAMINS),Vitamins & Supplements,MULTIVITAMINS,Piece,Pieces,20.5,50,1,
MYREVIT C DROPS (ASCORBIC ACID),Vitamins & Supplements,ASCORBIC ACID,Drops,Liquid,15,35,3,
MYREVIT Cap (MULTIVITAMINS),Vitamins & Supplements,MULTIVITAMINS,Capsule,Pieces,0.75,2.5,130,was_negative_stock
NAFARIN-A (Para+phenyl+Chlor),Cough & Cold,Para+phenyl+Chlor,Piece,Pieces,8.76,10,54,
NASATAPP 12.5ml/60ml (Phenyl+Bromphe),Allergy & Sinus,Phenyl+Bromphe,Piece,Pieces,109.16,126,5,
NASATAPP drops 15ml (Phenyl+Bromphe),Allergy & Sinus,Phenyl+Bromphe,Drops,Liquid,107.43,125,8,
NASATAPP tab (Phenyl+Brompheniramine),Allergy & Sinus,Phenyl+Brompheniramine,Tablet,Pieces,7.85,9.25,353,was_negative_stock
NASOFLO  SPRAY 50MCG/120ML,Allergy & Sinus,,Spray,Liquid,893.55,1028,0,no_stock
NATRAZOL 100mg (Losartan),Heart Health,Losartan,Piece,Pieces,2.2,8,108,was_negative_stock
NATURAL WHITE 10G 2 IN 1 CREAM,Digestive Health,,Cream,Topical,36,40,0,no_stock
NEB KIT ADULT PARTNERS,Medical Devices & Consumables,,Kit,Pieces,55,110,2,
NEB KIT W/ ADULT( SURE-GUARD),Medical Devices & Consumables,SURE-GUARD,Kit,Pieces,55,110,0,no_stock
NEB KIT W/ MASK PEDIA (PARTNERS),Medical Devices & Consumables,PARTNERS,Kit,Pieces,55,110,6,
Neb kit w/mask ADULT (SURGITECH),Medical Devices & Consumables,SURGITECH,Kit,Pieces,55,110,0,no_stock
NEBI-FLOW 5MG (NEBIVOLOL),Heart Health,NEBIVOLOL,Piece,Pieces,7,15,0,no_stock
NEBLIE 5MG (NEBIVOLOL),Heart Health,NEBIVOLOL,Piece,Pieces,6.6,15,0,no_stock; was_negative_stock
NEOGLIP 50/500MG (SITAGLIPTIN+METFORMIN HCL),Diabetes Care,SITAGLIPTIN+METFORMIN HCL,Piece,Pieces,12,20,0,no_stock
NEOMET 500mg (Metformin),Diabetes Care,Metformin,Piece,Pieces,6.02,9,28,
NEOZEP 60ml ( phenylephrine+chlorphenamine),Cough & Cold,phenylephrine+chlorphenamine,Piece,Pieces,116.36,134,3,was_negative_stock
NEOZEP DROPS 10ML  (Phenyl+chlor),Cough & Cold,Phenyl+chlor,Drops,Liquid,113.16,130,11,
NEOZEP NON DROWSY,Cough & Cold,,Piece,Pieces,8.25,10,70,
NEOZEP Z+ (Phenyl+Chlor+Para tablet),Cough & Cold,Phenyl+Chlor+Para tablet,Tablet,Pieces,7.54,9,332,
NEOZEP Z+ 8+2(Phenyl+Chlor+Para),Cough & Cold,Phenyl+Chlor+Para,Piece,Pieces,56.6,65,0,no_stock
NESCAFE CREAMY WHITE,Food & Beverages,,Piece,Pieces,13.8,18,1,
NEUROBION 9+1 TABLET (Vit. B. Complex),Vitamins & Supplements,Vit. B. Complex,Tablet,Pieces,205.61,237,0,no_stock
NEUROBION tab (B complex),Vitamins & Supplements,B complex,Tablet,Pieces,22.6,27,108,was_negative_stock
NEUROGEN-E (Multivitamins+ Vit. E),Vitamins & Supplements,Multivitamins+ Vit. E,Piece,Pieces,20.78,24,60,
NEURONERV (Vit. B complex),Vitamins & Supplements,Vit. B complex,Piece,Pieces,3.3,7,68,
NEURORITE 75MG (PREGABALIN),Pain Relief,PREGABALIN,Piece,Pieces,4,13,84,was_negative_stock
NIVEA EXTRA BRIGHT 40ML,Personal Care,,Piece,Pieces,171,189,1,
NIVEA MEN 25ML BLACK&WHITE ORIGINAL,Personal Care,,Piece,Pieces,82.13,108,2,
NIVEA MEN 25ML BRIGHTENING,Personal Care,,Piece,Pieces,82.13,108,0,no_stock
NIVEA MEN 25ML COOL KICK,Personal Care,,Piece,Pieces,83.83,109,0,no_stock
NIVEA MEN 25ML INVISIBLE ORIGINAL,Personal Care,,Piece,Pieces,0,95,0,no_stock
NIVEA MEN 50ML BLACK&WHITE ORIGINAL,Personal Care,,Piece,Pieces,153.17,199,0,no_stock
NIVEA MEN 50ML BRIGHTENING,Personal Care,,Piece,Pieces,145.23,189,2,
NIVEA MEN 50ML COOL KICK,Personal Care,,Piece,Pieces,144.23,188,3,
NIVEA MEN 50ML(FRESH)INVISIBLE BLACK&WHITE,Personal Care,FRESH,Piece,Pieces,136.85,180,2,
NIVEA MEN DRY IMPACT 50ML,Personal Care,,Piece,Pieces,150.48,196,0,no_stock
NIVEA W 25ML BRIGHT&SMOOTH,Personal Care,,Piece,Pieces,92.14,120,0,no_stock
NIVEA W 25ML EX BRGHT RDNT,Personal Care,,Piece,Pieces,91.8,120,3,
NIVEA W 50ML EX BRGHT RDNT,Personal Care,,Piece,Pieces,139.91,182,3,
NIVEA W 50ML PEARL&BEAUTY,Personal Care,,Piece,Pieces,144.28,188,1,
NIVEA WOMEN 25ML BRIGHTENING,Personal Care,,Piece,Pieces,78.12,102,0,no_stock
NIVEA WOMEN 25ML PEARL&BEAUTY,Personal Care,,Piece,Pieces,83.17,108,3,
NIVEA WOMEN BRIGHTENING 50ml,Personal Care,,Piece,Pieces,138,165,0,no_stock
Nizoral Cream 10g,Skin Care,,Cream,Topical,323.42,365,0,no_stock
Nizoral cream 3.5g,Skin Care,,Cream,Topical,164.9,190,2,
NIZORAL SHAMPOO,Skin Care,,Piece,Pieces,64.26,80,20,
Nocloxol (Cloxacillin)125mg/60ml,Antibiotics,Cloxacillin,Piece,Pieces,20,50,1,
NORGESIC (Orphen+Para 35mg/450mg),Pain Relief,Orphen+Para 35mg/450mg,Piece,Pieces,25.05,30,35,
NORGESIC FORTE (Orphen+Para 50mg/500mg),Pain Relief,Orphen+Para 50mg/500mg,Piece,Pieces,36.55,43,17,was_negative_stock
NORVASC 10mg (Amlodipine),Heart Health,Amlodipine,Piece,Pieces,34.31,40.25,15,
NORVASC 5mg (Amlodipine),Heart Health,Amlodipine,Piece,Pieces,19.53,24,34,
NORVATROL 10mg (Amlodipine),Heart Health,Amlodipine,Piece,Pieces,1.2,5,1217,was_negative_stock
NORVATROL 5mg (Amlodipine),Heart Health,Amlodipine,Piece,Pieces,0.96,3,770,was_negative_stock
NORVAZOL 40MG (PANTOPRAZOLE),Digestive Health,PANTOPRAZOLE,Piece,Pieces,3,10,100,
NOVA CHIPS 38G,Food & Beverages,,Piece,Pieces,16,21,0,no_stock; was_negative_stock
NOVACEE 120ML(Ascorbic acid)100mg syrup,Vitamins & Supplements,Ascorbic acid,Syrup,Liquid,22,70,3,
NOVACEE 60ml(Ascorbic acid) 100mg syrup,Vitamins & Supplements,Ascorbic acid,Syrup,Liquid,18,40,4,
NOVACEE drops(Ascorbic acid)100mg syrup,Vitamins & Supplements,Ascorbic acid,Syrup,Liquid,18,40,0,no_stock
NOVACETYL 600MG (ACETYL CYSTEINE),Cough & Cold,ACETYL CYSTEINE,Piece,Pieces,9.5,30,0,no_stock
NOVAFLOCIN 500MG (CIPROFLOXACIN),Antibiotics,CIPROFLOXACIN,Piece,Pieces,1.86,6,20,
NOVAFLORA (BACILLUS CLAUSII),Vitamins & Supplements,BACILLUS CLAUSII,Piece,Pieces,12.8,37,20,was_negative_stock
NOVAKAST 10MG,Allergy & Sinus,,Piece,Pieces,0,6,2,
NOVAMET CREAM 15G(CLOTRIMAZOLE),Skin Care,CLOTRIMAZOLE,Cream,Topical,36,100,3,was_negative_stock
NOVAMOL DROPS 15ML (PARACETAMOL),Pain Relief,PARACETAMOL,Drops,Liquid,13.5,40,6,
NOVASTATIN ORAL DRPS(NYSTATIN),Antibiotics,NYSTATIN,Piece,Pieces,65,215,3,
NOVAZART 80MG (TELMISARTAN),Heart Health,TELMISARTAN,Piece,Pieces,3,11,0,no_stock; was_negative_stock
NOVAZOL 40MG (PANTROPAZOLE),Digestive Health,PANTROPAZOLE,Piece,Pieces,3,10,100,
NOVAZOL CREAM 15G (KETOCONAZOLE),Digestive Health,KETOCONAZOLE,Cream,Topical,38,100,3,was_negative_stock
NUTRIBOOST CHOCOLATE,Food & Beverages,,Piece,Pieces,11.5,15,2,
NUTRIBOOST STRAWBERRY,Food & Beverages,,Piece,Pieces,11.5,15,1,
Nutrilin 120ml,Vitamins & Supplements,,Piece,Pieces,210.06,242,4,
Nutrilin 250ml,Vitamins & Supplements,,Piece,Pieces,385.93,449,1,
Nutrilin Drops 15ml,Vitamins & Supplements,,Drops,Liquid,94.49,109,4,
Nutrilin Drops 30ml,Vitamins & Supplements,,Drops,Liquid,142.89,165,0,no_stock
NUTROPLEX 120ml (Mult+Min+Lyn),Vitamins & Supplements,Mult+Min+Lyn,Piece,Pieces,190.62,220,7,
NUTROPLEX 250ml (Mult+Min+Lyn),Vitamins & Supplements,Mult+Min+Lyn,Piece,Pieces,329.31,379,2,
NUTROPLEX 60ml (Mult+Min+Lys),Vitamins & Supplements,Mult+Min+Lys,Piece,Pieces,86.72,100,8,
NUVIC CHOCOLATE,Food & Beverages,,Piece,Pieces,12.18,16,6,
NYSECOD 50MG (BUTAMIRATE CITRATE),Cough & Cold,BUTAMIRATE CITRATE,Piece,Pieces,8.2,16,1,
NYSZAC ORAL DPS (NYSTATIN) 12ML,Antibiotics,NYSTATIN,Piece,Pieces,65,215,0,no_stock
O-PUFF CHOCOLATE MARSHMALLOW,Food & Beverages,,Piece,Pieces,1,2,24,
O-PUFF MANGO MARSHMALLOW,Food & Beverages,,Piece,Pieces,1,2,0,no_stock
OBIMIN PLUS,Vitamins & Supplements,,Piece,Pieces,20.99,25,33,
OFF BABY LOTION 100ML,Baby & Child Care,,Lotion,Liquid,219.7,275,2,
Off KIDS 100ml,Baby & Child Care,,Piece,Pieces,193.31,242,2,was_negative_stock
Off KIDS 50ml,Baby & Child Care,,Piece,Pieces,120.13,150,1,
Off KIDS sachet 6ml,Baby & Child Care,,Sachet,Pieces,8.6,12,31,
Off Overtime 100ml,Personal Care,,Piece,Pieces,203,264,2,
Off Overtime 50ml,Personal Care,,Piece,Pieces,125.58,164,0,no_stock; was_negative_stock
Off Overtime sachet 6ml,Personal Care,,Sachet,Pieces,8.6,12,14,was_negative_stock
OFPLEMED  300mg (Lagundi),Cough & Cold,Lagundi,Piece,Pieces,1.25,3.5,58,
OFPLEMED 300/120ml (Lagundi) BANANA,Cough & Cold,Lagundi,Piece,Pieces,60,148,1,
OFPLEMED  300mg/120ml ( Lagundi) STRAWBERRY,Cough & Cold,Lagundi,Piece,Pieces,60,148,1,
OFPLEMED  300mg/60ml ( Lagundi),Cough & Cold,Lagundi,Piece,Pieces,32,78,3,
OFPLEMED  600mg ( Lagundi),Cough & Cold,Lagundi,Piece,Pieces,2.05,5,53,was_negative_stock
OH TENSE CAPSULE,Vitamins & Supplements,,Capsule,Pieces,50,58,20,
OISHI PRAWN SPICY 24G,Food & Beverages,,Piece,Pieces,6.7,9,0,no_stock
OLAY NATURAL WHITE CREAM 7.5g,Digestive Health,,Cream,Topical,19.73,26,14,
OLAY PINKISH GLOW 7.5G,Personal Care,,Piece,Pieces,19.73,26,15,
OLAY YELLOW SACHET 7.5G,Personal Care,,Sachet,Pieces,19.73,26,21,
OMEBLOC 20MG (OMEPRAZOLE),Digestive Health,OMEPRAZOLE,Piece,Pieces,0.9,6,0,no_stock; was_negative_stock
OMEGA 120ml,Vitamins & Supplements,,Piece,Pieces,101.61,135,1,
OMEGA 15ML,Vitamins & Supplements,,Piece,Pieces,18.72,24,6,
OMEGA 30ml,Vitamins & Supplements,,Piece,Pieces,30.95,43,6,was_negative_stock
OMEGA 60ml,Vitamins & Supplements,,Piece,Pieces,60.02,78,6,was_negative_stock
OMEPHIL 40MG (OMEPRAZOLE),Digestive Health,OMEPRAZOLE,Piece,Pieces,3.25,9,10,
OMEPRASAPH 40MG (OMEPRAZOLE),Digestive Health,OMEPRAZOLE,Piece,Pieces,3.2,9,0,no_stock
OMEPRON 20MG (OMEPRAZOLE),Digestive Health,OMEPRAZOLE,Piece,Pieces,48.82,56,14,
OMEPRON 40MG (OMEPRAZOLE),Digestive Health,OMEPRAZOLE,Piece,Pieces,72.17,83,27,
ONION RINGS 20G,Food & Beverages,,Piece,Pieces,6.5,9,0,no_stock
OPIODEX 50MG (TRAMADOL),Pain Relief,TRAMADOL,Piece,Pieces,1,2.5,23,
OPTEIN (Lutein),Vitamins & Supplements,Lutein,Piece,Pieces,26.11,33,27,was_negative_stock
ORANOL  10mg (Propranolol),Heart Health,Propranolol,Piece,Pieces,0.68,2,149,was_negative_stock
ORANOL  40mg (Propranolol),Heart Health,Propranolol,Piece,Pieces,0.85,3,60,
Orthia hand cream,Skin Care,,Cream,Topical,100,199,3,
OSCIVIT (CALCIUM + VIT.D3),Vitamins & Supplements,CALCIUM + VIT.D3,Piece,Pieces,1.98,5,85,was_negative_stock
OSTEOFREE 500MG (CALCIUM CARBONATE),Vitamins & Supplements,CALCIUM CARBONATE,Piece,Pieces,0.75,2,0,no_stock
OXYGEN mask (sure guard),Personal Care,sure guard,Mask,Pieces,27,60,0,no_stock
PALMOLIVE GREEN SACHET,Personal Care,,Sachet,Pieces,5.66,8,2,
PALMOLIVE PINK SACHET,Personal Care,,Sachet,Pieces,5.67,8,16,
PANTOZISAPH 40/30MG (PANTO+DOMPE),Digestive Health,PANTO+DOMPE,Piece,Pieces,6.33,17,41,was_negative_stock
PARA125 125/60ml (Paracetamol),Pain Relief,Paracetamol,Piece,Pieces,14,45,5,
PARA250  250MG/60ML (PARACETAMOL),Pain Relief,PARACETAMOL,Piece,Pieces,15,50,0,no_stock
PARTNERS BP APPARATUS MAN.W/ STETHOSCOPE,Medical Devices & Consumables,,Device,Pieces,560,800,0,no_stock
PARTY CUPS馃崼CHOCOLATE,Food & Beverages,,Piece,Pieces,12.55,17,2,
PARTY CUPS馃崍MELON,Food & Beverages,,Piece,Pieces,12.55,17,6,
PARTY CUPS馃煟UBE,Food & Beverages,,Piece,Pieces,12.55,17,4,
PATATA OISHI,Food & Beverages,,Piece,Pieces,6.7,9,0,no_stock; was_negative_stock
PAU KOREAN SENSATION 60ML,Personal Care,,Piece,Pieces,199,259,5,
PAU LINIMENT 30ml,Personal Care,,Piece,Pieces,78,102,2,
PAU LINIMENT 60ml,Personal Care,,Piece,Pieces,128,165,6,
PAU MASAJE CLASSIC,Personal Care,,Piece,Pieces,72.5,103,5,
PAU MASAJE FLORAL,Personal Care,,Piece,Pieces,70.5,99,1,
PAU MASAJE ORANGE,Personal Care,,Piece,Pieces,70.5,99,0,no_stock
PAU MASAJE PEPPERMINT,Personal Care,,Piece,Pieces,79,103,0,no_stock
PC CHILIMANSI,Food & Beverages,,Piece,Pieces,14.75,20,1,was_negative_stock
PC HOT CHILI,Food & Beverages,,Piece,Pieces,14.75,20,5,
PC KALAMANSI,Food & Beverages,,Piece,Pieces,14.75,20,0,no_stock; was_negative_stock
PC ORIGINAL 80mg (Lucky Me),Food & Beverages,Lucky Me,Piece,Pieces,14.75,20,0,no_stock
PC SWEET & SPICY 80mg (Lucky Me),Food & Beverages,Lucky Me,Piece,Pieces,14.75,20,0,no_stock; was_negative_stock
PEDIAFORTAN AS 120ML,Baby & Child Care,,Piece,Pieces,309.55,360,2,
PEDIAFORTAN AS 250ML,Baby & Child Care,,Piece,Pieces,444.48,511,2,
PEDIALYTE 500ml Apple,Baby & Child Care,,Piece,Pieces,118.46,136,2,
PEDIALYTE 500ml Grapes,Baby & Child Care,,Piece,Pieces,118.46,136,2,was_negative_stock
PEDIALYTE 500ml strawberry,Baby & Child Care,,Piece,Pieces,118.46,145,2,
PEDIAMOX 250mg 60ML,Antibiotics,,Piece,Pieces,155.72,179,3,
PEDZINC Plus C 120ml (Sodium ascorbate),Vitamins & Supplements,Sodium ascorbate,Piece,Pieces,134.36,159,1,
PEDZINC Plus C drops 30ml (Sodium ascorbate),Vitamins & Supplements,Sodium ascorbate,Drops,Liquid,134.4,155,0,no_stock
PEFTRIN 1g VIAL (Ceftriaxone),Antibiotics,Ceftriaxone,Injection,Pieces,29.5,70,10,
PENFRO 200MG ( IBUPROFEN) 60ML,Pain Relief,IBUPROFEN,Piece,Pieces,37,75,3,
PEPTOBLOC 20MG,Digestive Health,,Piece,Pieces,0.85,6,116,
PERFECT SKIN REJUVINATING SET,Personal Care,,Piece,Pieces,162,180,3,
PERISPA 50MG (EPERISONE),Pain Relief,EPERISONE,Piece,Pieces,22,35,0,no_stock; was_negative_stock
PH CARE 5ml Cooling comfort,Personal Care,,Piece,Pieces,5.56,8,14,
PH CARE 5ml floral Clean,Personal Care,,Piece,Pieces,5.56,8,17,
PH CARE Cooling comfort 150ml,Personal Care,,Piece,Pieces,136.07,177,4,
PH CARE Cooling comfort 50ml,Personal Care,,Piece,Pieces,54.13,71,0,no_stock
PH CARE Delicate White 150ml,Skin Care,,Piece,Pieces,138.89,181,2,
PH CARE Delicate White 50ml,Skin Care,,Piece,Pieces,56.48,74,3,
PH CARE Floral Clean 150ml,Personal Care,,Piece,Pieces,124.14,162,3,
PH CARE Floral Clean 50ml,Personal Care,,Piece,Pieces,47.66,62,3,
PH CARE Natural Pro. 150ml,Digestive Health,,Piece,Pieces,136.07,177,2,
PH CARE Natural Pro. 50ml,Digestive Health,,Piece,Pieces,52.34,68,0,no_stock; was_negative_stock
PH CARE SPRAY COOLING COMFORT 50ML,Personal Care,,Spray,Liquid,146.68,183,1,
PH CARE SPRAY NATURAL PROTECTION 50ML,Digestive Health,,Spray,Liquid,146.68,183,1,
PH CARE ULTRA PURE 150ML,Personal Care,,Piece,Pieces,138.89,181,2,
PH CARE ULTRA PURE 50ML,Personal Care,,Piece,Pieces,56.48,74,0,no_stock
PHARCHOLINE 500MG(CITICOLINE),Vitamins & Supplements,CITICOLINE,Piece,Pieces,10.16,30,0,no_stock
PHAREX  17+3 (Vitamin B complex),Vitamins & Supplements,Vitamin B complex,Piece,Pieces,84.15,102,34,was_negative_stock
PHAREX (Vitamin B complex),Vitamins & Supplements,Vitamin B complex,Piece,Pieces,4.95,6,26,
PHARMATON cap (Multivitamins),Vitamins & Supplements,Multivitamins,Capsule,Pieces,22.55,26,17,was_negative_stock
PHILCLOX 500mg (Cloxacillin),Antibiotics,Cloxacillin,Piece,Pieces,2.5,9,12,
PHILFLAM DR 50mg (Diclofenac sodium),Pain Relief,Diclofenac sodium,Piece,Pieces,0.45,2,328,
PHILPARA 500MG (PARACETAMOL),Pain Relief,PARACETAMOL,Piece,Pieces,0.42,2,316,
PHILPRIN 80MG (ASPIRIN),Heart Health,ASPIRIN,Piece,Pieces,0.5,2.5,0,no_stock
PHILSTAT  10mg (Simvastatin),Heart Health,Simvastatin,Piece,Pieces,0.6,2,80,was_negative_stock
PHILSTAT  20mg (Simvastatin),Heart Health,Simvastatin,Piece,Pieces,0.9,5,37,
PIATTOS CHEESE 40G,Food & Beverages,,Piece,Pieces,16,21,0,no_stock; was_negative_stock
PIATTOS CREAM&ONION 40G,Food & Beverages,,Cream,Topical,16,21,6,was_negative_stock
PIDCLIN 100mg (Doxycycline),Antibiotics,Doxycycline,Piece,Pieces,2.1,6.5,0,no_stock; was_negative_stock
PILL ORGANIZER,Personal Care,,Piece,Pieces,30,50,0,no_stock
PILLOWS CHOCO 38G,Food & Beverages,,Piece,Pieces,8.5,11,0,no_stock
PILLOWS UBE 24G,Food & Beverages,,Piece,Pieces,6.25,8,0,no_stock
PINKISH FAIRNESS 10g whitening cream,Skin Care,,Cream,Topical,36,40,6,
PINOY PENCIL 4IN1,General (Stationery),,Piece,Pieces,20,35,0,no_stock; was_negative_stock
PINT鈽旵AFE MOCHA,Food & Beverages,,Piece,Pieces,80,104,1,
PINT馃AVOCADO,Food & Beverages,,Piece,Pieces,66,86,1,was_negative_stock
PINT馃崼CHOCOLATE,Food & Beverages,,Piece,Pieces,66,86,2,
PINT馃崻COOKIES CREAM,Food & Beverages,,Cream,Topical,80,104,2,
PINT馃キMANGO,Food & Beverages,,Piece,Pieces,66,86,0,no_stock
PINT馃崍MELON,Food & Beverages,,Piece,Pieces,66,86,0,no_stock
PINT馃煟馃UBE KESO,Food & Beverages,,Piece,Pieces,66,86,2,
Pio-Source 15mg tab (Pioglitazone),Diabetes Care,Pioglitazone,Tablet,Pieces,3.2,8,70,
PIOGLINOVA 30MG (PIOGLITAZONE),Diabetes Care,PIOGLITAZONE,Piece,Pieces,4.64,12,0,no_stock
PIOGLITASAPH 30MG(PIOGLITAZONE) TABLET,Diabetes Care,PIOGLITAZONE,Tablet,Pieces,5.93,12,5,
PIOMED 30MG,Diabetes Care,,Piece,Pieces,0,13,65,
Piroxicam 20mg cap (DM),Pain Relief,DM,Capsule,Pieces,1.56,5,40,
Pizotifen 290mcg/5ml syrup 60ml,Allergy & Sinus,,Syrup,Liquid,45.5,110,2,
PLASTIC ENVELOPE ADVENTURE,General (Stationery),,Piece,Pieces,65,85,3,
PLEMEX Caps 600mg  ( Lagundi ),Cough & Cold,Lagundi,Piece,Pieces,7.2,9,32,
PLEMEX FORTE 120ml/600mg  ( Lagundi ),Cough & Cold,Lagundi,Piece,Pieces,161.96,208,5,was_negative_stock
PLEMEX FORTE 60ml/600mg  ( Lagundi ),Cough & Cold,Lagundi,Piece,Pieces,122.35,141,6,was_negative_stock
PLEMEX KIDS 120ml/300mg  ( Lagundi ),Cough & Cold,Lagundi,Piece,Pieces,134.67,155,5,
PLEMEX KIDS 60ml/300mg  ( Lagundi ),Cough & Cold,Lagundi,Piece,Pieces,94.18,121,5,was_negative_stock
PLEPHEN 12.5/60ML(DIPHENHYDRAMINE),Allergy & Sinus,DIPHENHYDRAMINE,Piece,Pieces,15,40,0,no_stock
PLURADEC 60ml (Guai+phenyl+chlor),Cough & Cold,Guai+phenyl+chlor,Piece,Pieces,36,80,4,was_negative_stock
PLYOFLORA VIAL (BACILLUS CLAUSII),Vitamins & Supplements,BACILLUS CLAUSII,Injection,Pieces,12.5,37,3,
POCARI SWEAT 500ML,Food & Beverages,,Piece,Pieces,44,60,0,no_stock
POCKY,Food & Beverages,,Piece,Pieces,25,32,0,no_stock
POLIDENT  3D hold 20g,Personal Care,,Piece,Pieces,121.01,158,10,was_negative_stock
POLIDENT 3D hold 40g,Personal Care,,Piece,Pieces,222.18,306,3,was_negative_stock
POLYNERV 500MG,Vitamins & Supplements,,Piece,Pieces,31.56,37,17,
POLYNERV CAP. 1000MG,Vitamins & Supplements,,Capsule,Pieces,22.19,26,0,no_stock
PONDS DAY CREAM  12G,Personal Care,,Cream,Topical,26.21,34,13,
PONDS DETOX 12G,Personal Care,,Piece,Pieces,26.21,34,11,
PONDS DETOX 7G,Personal Care,,Piece,Pieces,15.6,21,7,
PONDS F.F 10G THYMO-BHA,Personal Care,,Piece,Pieces,16.48,22,12,
PONDS F.F NIASORCINOL 10G,Personal Care,,Piece,Pieces,16.07,21,11,was_negative_stock
PONDS F.FOAM BM CLAY BAH 10G,Personal Care,,Piece,Pieces,16.48,21,0,no_stock
PONDS MEN F.WASH ENERY 10G,Personal Care,,Piece,Pieces,15,20,0,no_stock
PONDS TONER 100ML,Personal Care,,Piece,Pieces,0,142,0,no_stock
PONSTAN 500mg (Mefenamic),Pain Relief,Mefenamic,Piece,Pieces,37.73,44,26,
PONSTAN SF 500mg (Mefenamic),Pain Relief,Mefenamic,Piece,Pieces,39.21,45,55,was_negative_stock
PONSTAN SF CAP. 250MG,Pain Relief,,Capsule,Pieces,19.5,22.5,18,was_negative_stock
POPCORN CARAMEL OISHI,Food & Beverages,,Piece,Pieces,15.5,20,0,no_stock
PORAZOLE CREAM 10G (KETOCONAZOLE),Skin Care,KETOCONAZOLE,Cream,Topical,36,100,0,no_stock
POTATO CHEESE 50G,Food & Beverages,,Piece,Pieces,17.99,24,0,no_stock
POTATO SPICY BISCUITS 50G,Food & Beverages,,Piece,Pieces,17.99,24,0,no_stock
POTCHI STRAWBERRY 2.7G,Food & Beverages,,Piece,Pieces,0.67,2,67,
POTENCEE 500mg (Ascorbic acid),Vitamins & Supplements,Ascorbic acid,Piece,Pieces,6.47,8,188,
POTENCEE FORTE 1000(Ascorbic acid),Vitamins & Supplements,Ascorbic acid,Piece,Pieces,10.04,12,19,was_negative_stock
POTENCEE+COLLAGEN,Vitamins & Supplements,,Piece,Pieces,20.3,23.5,93,was_negative_stock
POVIDONE  60ml ( JCHIEM),First Aid,JCHIEM,Piece,Pieces,42,55,0,no_stock
POYSIAN BOTTLE,Medical Devices & Consumables,,Bottle,Liquid,40,55,1,
PRADOL 325/37.5MG (PARA + TRAMADOL HCL),Pain Relief,PARA + TRAMADOL HCL,Piece,Pieces,8.6,17,170,was_negative_stock
PREBIO COFFEE 1'S,Food & Beverages,,Piece,Pieces,25,29,42,
PREDFIRST 20MG (Prednisone),Allergy & Sinus,Prednisone,Piece,Pieces,2.56,6,0,no_stock
PREDNISONE 10mg (VONWELT),Allergy & Sinus,VONWELT,Piece,Pieces,0.86,3.5,0,no_stock; was_negative_stock
PREDZHONG 20MG (PREDNISONE),Allergy & Sinus,PREDNISONE,Piece,Pieces,1.6,6,235,
PREGNANCY TEST (HCG),Medical Devices & Consumables,HCG,Piece,Pieces,9,46,0,no_stock
PREGNANCY TEST(PARTNER'S),Medical Devices & Consumables,PARTNER'S,Piece,Pieces,8,46,2,
PREGNANCY TEST(SURE-GUARD),Medical Devices & Consumables,SURE-GUARD,Piece,Pieces,7,46,0,no_stock
PREND 20mg (Prednisone),Allergy & Sinus,Prednisone,Piece,Pieces,2.45,6,0,no_stock
PRESONE 10MG (PREDNISONE),Allergy & Sinus,PREDNISONE,Piece,Pieces,0.9,3.5,104,was_negative_stock
PRESTIGE REJUVINATING SET,Personal Care,,Piece,Pieces,270,300,2,
PRESTO PEANUT BUTTER,Food & Beverages,,Piece,Pieces,5.68,8,0,no_stock
PREXIA 40MG (ESOMEPRAZOLE),Digestive Health,ESOMEPRAZOLE,Piece,Pieces,5.8,11,1,
PROGLINMET 50/1g (Vildagliptin+Metformin),Diabetes Care,Vildagliptin+Metformin,Piece,Pieces,31.2,37,30,
PROGLINMET 50/500mg (Vildagliptin+Metformin),Diabetes Care,Vildagliptin+Metformin,Piece,Pieces,31.2,36,21,
PROLOL  50mg (Metoprolol),Heart Health,Metoprolol,Piece,Pieces,0.78,2.25,0,no_stock
PROPAN BUCLIZINE 120ML,Digestive Health,,Piece,Pieces,603.06,693,3,
PROPAN BUCLIZINE 60ML,Digestive Health,,Piece,Pieces,317.15,365,2,
PROPAN Drops 15ml,Digestive Health,,Drops,Liquid,95.55,110,5,
PROPAN TLC 120ml,Vitamins & Supplements,,Piece,Pieces,200.97,231,5,was_negative_stock
PROPAN TLC 250ml,Vitamins & Supplements,,Piece,Pieces,342.09,393,1,
PROPAN TLC 60ml,Vitamins & Supplements,,Piece,Pieces,121.56,143,4,was_negative_stock
PROPAN w/Iron cap,Digestive Health,,Capsule,Pieces,31.03,36,51,was_negative_stock
PROTEC-ZINC (Sodium ascorb+zinc),Vitamins & Supplements,Sodium ascorb+zinc,Piece,Pieces,1.08,5.75,168,was_negative_stock
Pulse Oximeter,Medical Devices & Consumables,,Piece,Pieces,500,600,2,
QORTISOL VIAL 100MG(HYDROCORTISONE),Skin Care,HYDROCORTISONE,Injection,Pieces,35,100,10,
RAINBOW DEW CANDY,Food & Beverages,,Piece,Pieces,0.78,2,2,
RANICLAV 625mg tab ( Co-amoxiclav),Antibiotics,Co-amoxiclav,Tablet,Pieces,8.22,25,70,was_negative_stock
RANZOLE 20MG (OMEPRAZOLE),Digestive Health,OMEPRAZOLE,Piece,Pieces,0.8,6,0,no_stock
RAPAMOL 125MG (PARACETAMOL),Pain Relief,PARACETAMOL,Piece,Pieces,13,45,4,
RAPH C 250ML (ASCORBIC ACID) SYRUP,Vitamins & Supplements,ASCORBIC ACID,Syrup,Liquid,58,140,3,
RAPIDAX OTIC DROPS 5ML,Eye & Ear Care,,Drops,Liquid,120,220,1,
RASHFREE 200MG (Zinc Oxide),Vitamins & Supplements,Zinc Oxide,Piece,Pieces,227.93,262,2,
RAZOR DORCO 1'S,Personal Care,,Piece,Pieces,9.5,25,0,no_stock
RDL #1 30ml,Skin Care,,Piece,Pieces,30.88,42,7,
RDL #1 60ml,Skin Care,,Piece,Pieces,56.75,71,5,
RDL #2 30ml,Skin Care,,Piece,Pieces,32.06,43,5,
RDL #2 60ml,Skin Care,,Piece,Pieces,73,95,7,
RDL #3 30ml,Skin Care,,Piece,Pieces,48.75,64,6,
RDL #3 60ml,Skin Care,,Piece,Pieces,77.75,101,8,was_negative_stock
RDL FC Cucumber 75ml,Skin Care,,Piece,Pieces,32.25,42,4,
RDL FC Cucumber extract 150ml,Skin Care,,Piece,Pieces,47,61,2,was_negative_stock
RDL FC Kalamansi 150ml,Skin Care,,Piece,Pieces,47,61,0,no_stock
RDL FC Kalamansi 75ml,Skin Care,,Piece,Pieces,24.79,32,0,no_stock
RDL FC PAPAYA 150ml,Skin Care,,Piece,Pieces,47,61,5,
RDL FC Papaya 75ml,Skin Care,,Piece,Pieces,32.25,42,5,was_negative_stock
RDL FC PLAIN 150ML,Skin Care,,Piece,Pieces,47,61,3,
RDL FC PLAIN 75ML,Skin Care,,Piece,Pieces,24.03,33,2,
RDL SUNBLOCK 12G,Skin Care,,Piece,Pieces,25.65,34,20,
RDL SUNBLOCK CREAM 6g,Skin Care,,Cream,Topical,12.83,18,0,no_stock
RDL WHITENING CREAM 5G,Skin Care,,Cream,Topical,24.46,35,15,
REBALIN 75MG (PREGABALIN),Pain Relief,PREGABALIN,Piece,Pieces,4.67,13,1,
REFRESH WATER 350ML,Food & Beverages,,Piece,Pieces,5.5,10,0,no_stock
REGIMOL 250MG (PARACETAMOL),Pain Relief,PARACETAMOL,Piece,Pieces,16,50,1,
REGIZINE DROPS 15ML (CETIRIZINE),Allergy & Sinus,CETIRIZINE,Drops,Liquid,20.85,62,3,
REGIZINE SYRP (CETIRIZINE) 60ML,Allergy & Sinus,CETIRIZINE,Syrup,Liquid,20.5,90,9,was_negative_stock
REJUVINATING SOAP (SKIN MAGICAL),Personal Care,SKIN MAGICAL,Soap,Pieces,63,70,12,
RELEAF FORTE 500MG (SAMBONG),Heart Health,SAMBONG,Piece,Pieces,7.02,9,6,
REMEF 50MG/60ML (MEFENAMIC ACID),Pain Relief,MEFENAMIC ACID,Piece,Pieces,17.5,50,2,
RENITE XL 10MG (ENALAPRIL),Heart Health,ENALAPRIL,Piece,Pieces,2.8,6,67,
REPROGEN OB (MULT+MIN+IRON),Vitamins & Supplements,MULT+MIN+IRON,Piece,Pieces,3.33,12,131,
RESPIMAX 10mg (Dextromethorpan),Cough & Cold,Dextromethorpan,Piece,Pieces,1,2.5,0,no_stock
RESPISAPH NEB. (BUDESONIDE),Cough & Cold,BUDESONIDE,Piece,Pieces,15.6,31,21,
RESTIME CHEWABLE 40mg,Digestive Health,,Piece,Pieces,9.98,12,16,
RESTIME drops 10ml(Simeticone),Digestive Health,Simeticone,Drops,Liquid,135.28,156,2,
RETABETASOL CREAM (CLOBETASOL),Skin Care,CLOBETASOL,Cream,Topical,38.5,105,3,
RETACONAZOL CREAM 15G (KETOCONAZOLE),Skin Care,KETOCONAZOLE,Cream,Topical,36,100,0,no_stock
RETAGLIM 2MG (GLIMEPIRIDE),Diabetes Care,GLIMEPIRIDE,Piece,Pieces,1,6,49,
RETAMAXZ 500MG (AZITHROMYCIN),Antibiotics,AZITHROMYCIN,Piece,Pieces,39,75,3,
RETANIX 10MG (CETIRIZINE),Allergy & Sinus,CETIRIZINE,Piece,Pieces,0.35,2,12,
RETASILDEX CREAM (SILVER SULFADIAZINE),Skin Care,SILVER SULFADIAZINE,Cream,Topical,60.5,130,1,
RETAZIDINE 35MG (TRIMETAZIDINE),Heart Health,TRIMETAZIDINE,Piece,Pieces,1.93,10,1,
RETICOLINE 500MG (CITICOLINE),Vitamins & Supplements,CITICOLINE,Piece,Pieces,10,30,0,no_stock
REVICON 11+1,Vitamins & Supplements,,Piece,Pieces,93.39,108,21,
REVICON FORTE 32'S,Vitamins & Supplements,,Piece,Pieces,271.7,312.5,5,
REVICON FORTE tab (Multi+Min+Amino),Vitamins & Supplements,Multi+Min+Amino,Tablet,Pieces,8.49,10,160,was_negative_stock
REVITAPLEX TABLET(VIT.B COMPLEX),Vitamins & Supplements,VIT.B COMPLEX,Tablet,Pieces,1.1,3.5,1,
REXIDOL FORTE (Para+Caffeine),Pain Relief,Para+Caffeine,Piece,Pieces,6.61,9,120,
REXIDOL FORTE 6+1,Pain Relief,,Piece,Pieces,34.3,54,21,was_negative_stock
REXONA 45ML LIME COOL,Personal Care,,Piece,Pieces,88.27,115,3,
REXONA 45ML PASSION,Personal Care,,Piece,Pieces,123.62,161,2,
REXONA 45ML SHOWER CLEAN,Personal Care,,Piece,Pieces,74.16,97,3,
REXONA 72H QUANTUM 25ml,Personal Care,,Piece,Pieces,65.82,86,4,
REXONA ICE COOL sachet 3ml,Personal Care,,Sachet,Pieces,6.74,12,22,
REXONA ICECOOL 45ML,Personal Care,,Piece,Pieces,61,95,0,no_stock; was_negative_stock
REXONA Men Sport Defense 25ml,Personal Care,,Piece,Pieces,74.33,97,3,
REXONA Passion Roll-on 25ml,Personal Care,,Roll,Roll,65.62,85,3,
REXONA Powder Dry Roll-on 25ml,Personal Care,,Powder,Pieces,65.62,85,3,
REXONA QUANTUM sachet 3ml,Personal Care,,Sachet,Pieces,6.74,9,7,
REXONA ROLL ON ICE COOL 25ML,Personal Care,,Roll,Roll,65.82,86,5,
REXONA SACHET PASSION 3ML,Personal Care,,Sachet,Pieces,6.73,12,17,
REXONA SACHET POWDER DRY 3ML,Personal Care,,Powder,Pieces,6.8,12,6,
RICE CRACKERS VEG. STICK 60G,Food & Beverages,,Piece,Pieces,14.5,19,0,no_stock
RIMECOD FORTE 50MG (BUTAMIRATE CITRATE),Cough & Cold,BUTAMIRATE CITRATE,Piece,Pieces,7.8,16,0,no_stock
RIZINE 25MG (CINNARIZINE),Allergy & Sinus,CINNARIZINE,Piece,Pieces,0.87,2,4,was_negative_stock
RM 15+5 Vitamin B complex,Vitamins & Supplements,,Piece,Pieces,89.09,90,114,
RM Amlodipine 10mg,Heart Health,,Piece,Pieces,7,10,110,was_negative_stock
RM Amlodipine 5mg,Heart Health,,Piece,Pieces,7.59,9,40,was_negative_stock
RM AMOXICILLIN 500mg,Antibiotics,,Piece,Pieces,7.5,9,32,
RM ASCORBIC 500mg tab,Vitamins & Supplements,,Tablet,Pieces,2.25,4,30,
RM ASCORBIC+ZINC 500MG,Vitamins & Supplements,,Piece,Pieces,4.68,6,30,
RM BISOPROLOL 5MG,Heart Health,,Piece,Pieces,15,17.25,44,
RM CETIRIZINE  10mg,Allergy & Sinus,,Piece,Pieces,16,18.5,0,no_stock; was_negative_stock
RM CETIRIZINE 4+1 10MG,Allergy & Sinus,,Piece,Pieces,64,74,1,
RM CLOPIDOGREL 75MG,Heart Health,,Piece,Pieces,16,19,2,
RM CLOTRIMAZOLE 3G CRM,Skin Care,,Piece,Pieces,122.73,141,2,
RM Cold Rub 25g,Personal Care,,Piece,Pieces,110.2,127,7,
RM HEXETIDINE 120ML,Personal Care,,Piece,Pieces,148,170,5,
RM HEXETIDINE 60ML,Personal Care,,Piece,Pieces,89,111.25,0,no_stock; was_negative_stock
RM LEVOCETERIZINE 5MG,Allergy & Sinus,,Piece,Pieces,14.04,17,15,
RM LORATIDINE 10MG,Allergy & Sinus,,Piece,Pieces,19,22,9,
RM Losar+Amlo 50/5mg,Heart Health,,Piece,Pieces,19.14,22,80,
RM LOSARTAN 100mg,Heart Health,,Piece,Pieces,13.19,16,115,
RM LOSARTAN 50mg tab,Heart Health,,Tablet,Pieces,12.24,14,140,was_negative_stock
RM MEFENAMIC 500mg,Pain Relief,,Piece,Pieces,6.71,8,30,was_negative_stock
RM METFORMIN 500MG,Diabetes Care,,Piece,Pieces,4.2,6,10,
RM MUPIROCIN 5G,Skin Care,,Piece,Pieces,193,222,0,no_stock
RM POVIDONE 30ml,First Aid,,Piece,Pieces,55,69,5,
RM SILDENAFIL 100mg,Heart Health,,Piece,Pieces,250,288,5,
RM TELMISARTAN 40mg,Heart Health,,Piece,Pieces,12.44,14,34,
RM TELMISARTAN 80mg,Heart Health,,Piece,Pieces,14.61,17,45,
RM Valsartan 80mg,Heart Health,,Piece,Pieces,17.85,21,45,
RM Verapamil 240MG,Heart Health,,Piece,Pieces,33.15,38.25,40,
RM Vitamin B complex,Vitamins & Supplements,,Piece,Pieces,4.95,6,1,
ROBIKIDS 250mg/60ml (Carbocisteine),Cough & Cold,Carbocisteine,Piece,Pieces,111.72,129,5,
ROBITUSSIN 120ml (Dextro+Guai),Cough & Cold,Dextro+Guai,Piece,Pieces,161.22,185.5,6,
ROBITUSSIN 60ml (Dextro+Guai),Cough & Cold,Dextro+Guai,Piece,Pieces,111.95,129,3,
ROBITUSSIN DM 120ml (Dextro+Guai),Cough & Cold,Dextro+Guai,Piece,Pieces,201.07,231,2,
ROBITUSSIN DM 60ml (Dextro+Guai),Cough & Cold,Dextro+Guai,Piece,Pieces,137.86,159,0,no_stock; was_negative_stock
ROBITUSSIN GEL (Guaifenesin),Cough & Cold,Guaifenesin,Gel,Topical,10.78,14,0,no_stock
ROBUST Extreme,Personal Care,,Piece,Pieces,134.89,159,15,was_negative_stock
ROBUST Regular,Personal Care,,Piece,Pieces,63,78,18,was_negative_stock
ROGIN E 10+2,Vitamins & Supplements,,Piece,Pieces,245.1,282,2,
Rogin-E 6+1,Vitamins & Supplements,,Piece,Pieces,146.18,168,0,no_stock
ROLLER COASTER 24G,Food & Beverages,,Piece,Pieces,7.5,10,1,
ROSMAR KAGAYAKU BLEACHING SOAP 70G,Personal Care,,Soap,Pieces,44.1,49,1,
ROSMAR KAGAYAKU BUBBLE GUM SOAP 70G,Personal Care,,Soap,Pieces,44.1,49,0,no_stock
ROSMAR KAGAYAKU CONDENSADA SOAP 70G,Personal Care,,Soap,Pieces,44.1,49,0,no_stock
ROSMAR KAGAYAKU EXTREME,Food & Beverages,,Piece,Pieces,152.1,169,7,
ROSMAR KAGAYAKU KOJIC PEELING SOAP 70G,Skin Care,,Soap,Pieces,44.1,49,512,
ROSUSAPH 10MG (ROSUVASTATIN),Heart Health,ROSUVASTATIN,Piece,Pieces,1.75,6.5,249,
ROSUSAPH 20MG (ROSUVASTATIN),Heart Health,ROSUVASTATIN,Piece,Pieces,2.5,9,100,
ROWATINEX CAPSULE,Digestive Health,,Capsule,Pieces,27.83,32,100,
ROYAL 1.5ML,Food & Beverages,,Piece,Pieces,59,70,4,
ROYAL MISMO 250ML,Food & Beverages,,Piece,Pieces,16,21,0,no_stock; was_negative_stock
ROZATIN 10MG (ROSUVASTATIN),Heart Health,ROSUVASTATIN,Piece,Pieces,2.25,6.5,17,
ROZATIN 20MG(ROSUVASTATIN)TABLET,Heart Health,ROSUVASTATIN,Tablet,Pieces,2.95,9,0,no_stock
ROZITAN 200MG/15ML AZITHROMYCIN),Antibiotics,,Piece,Pieces,50,130,2,
RUBBER ASPIRATOR 30ML,Medical Devices & Consumables,,Piece,Pieces,35,50,4,
Rumalox 15mg (Meloxicam),Pain Relief,Meloxicam,Piece,Pieces,1.62,4,0,no_stock; was_negative_stock
Safeguard Classic beige 85g,Personal Care,,Piece,Pieces,35.47,45,0,no_stock
Safeguard floral pink 78G,Personal Care,,Piece,Pieces,35.47,45,3,
Safeguard Lemon 78G,Personal Care,,Piece,Pieces,35.47,45,3,
SAFEGUARD pure white  78G,Personal Care,,Piece,Pieces,35.47,50,1,was_negative_stock
SAFEGUARD SACHET LEMON 82G,Personal Care,,Sachet,Pieces,27.97,35,0,no_stock
SAFEGUARD SACHET WHITE 82G,Personal Care,,Sachet,Pieces,27.67,35,0,no_stock
SALABAT GINGER BREW 8G,Food & Beverages,,Piece,Pieces,4.42,7,5,
SALBUMIN inhaler 100mcg(Salbutamol),Cough & Cold,Salbutamol,Inhaler,Pieces,82,210,230,was_negative_stock
SALBUSAPH 2.5mg/ml (Salbutamol),Cough & Cold,Salbutamol,Piece,Pieces,5,12,263,was_negative_stock
Salbutamol+Ipratropium(RELAXASPH),Cough & Cold,RELAXASPH,Piece,Pieces,9.33,26,5,was_negative_stock
SALICYLIC Acid 25ml IPI,Skin Care,,Piece,Pieces,15.71,22,1,
SALICYLIC ACID 50ML IPI,Skin Care,,Piece,Pieces,21.73,30,0,no_stock; was_negative_stock
Salicylic+Benzoic (UH WHITFIELDS),Skin Care,UH WHITFIELDS,Piece,Pieces,106.53,133,1,
SALINASE drops 30ml (Sodium chloride),Allergy & Sinus,Sodium chloride,Drops,Liquid,81,98,5,
SALINASE spray 30ml (Sodium chloride),Allergy & Sinus,Sodium chloride,Spray,Liquid,103.5,126,70,was_negative_stock
SALONPAS 6.5x4.2,First Aid,,Piece,Pieces,12.64,16,22,was_negative_stock
SANGOBION IRON+ cap (Multi+Minerals),Vitamins & Supplements,Multi+Minerals,Capsule,Pieces,25.58,34,202,
SAPHCLAZIDE 60mg (Gliclazide),Diabetes Care,Gliclazide,Piece,Pieces,3.5,12,37,was_negative_stock
SAPHETOR 120MG (ETORICOXIB),Pain Relief,ETORICOXIB,Piece,Pieces,6.33,30,18,was_negative_stock
SAPHETOR 90mg (Etoricoxib),Pain Relief,Etoricoxib,Piece,Pieces,6,16,0,no_stock; was_negative_stock
SAPHIXIME 200MG (CEFIXIME),Antibiotics,CEFIXIME,Piece,Pieces,6,15,180,was_negative_stock
SAPHLECOX 200MG (CELECOXIB),Pain Relief,CELECOXIB,Piece,Pieces,1.6,7,0,no_stock; was_negative_stock
SAPHLODINE 50/5 (AMLO+LOSARTAN),Heart Health,AMLO+LOSARTAN,Piece,Pieces,3.9,11,108,
SAPHMITRATE-T50 (BUTAMIRATE CITRATE),Cough & Cold,BUTAMIRATE CITRATE,Piece,Pieces,5.5,16,12,
SAPHROXEN 550MG(NAPROXEN),Pain Relief,NAPROXEN,Piece,Pieces,4.5,9,140,was_negative_stock
SAPHTERIDE 5MG( FINASTERIDE),Heart Health,FINASTERIDE,Piece,Pieces,5.45,12,5,was_negative_stock
SAPHXOSTAT 80MG (FEBUXOSTAT),Diabetes Care,FEBUXOSTAT,Piece,Pieces,7.33,25,80,
SAPHZAR 160MG (VALSARTAN),Heart Health,VALSARTAN,Piece,Pieces,11.67,25,172,
SARIDON (Para+Prpyphnzn+Caffeine ),Pain Relief,Para+Prpyphnzn+Caffeine,Piece,Pieces,7.48,9,88,was_negative_stock
SCHEEPRIN 80mg(Aspirin) tablet,Heart Health,Aspirin,Tablet,Pieces,0.68,2.5,0,no_stock; was_negative_stock
SCOTCH TAPE SMALL,Personal Care,,Tape,Roll,6.25,9,0,no_stock
SEBO DE MACHO 10g (APOLLO),First Aid,APOLLO,Piece,Pieces,25.76,36,5,
SEBO DE MACHO 25G (APOLLO),First Aid,APOLLO,Piece,Pieces,46,65,5,
SELXAN TAB. (PARACETAMOL+IBUPROFEN),Pain Relief,PARACETAMOL+IBUPROFEN,Tablet,Pieces,3.5,5,0,no_stock
SENSODYNE (Whitening)100g,Personal Care,Whitening,Piece,Pieces,137.78,180,2,was_negative_stock
SENSODYNE 100g(Freshmint),Personal Care,Freshmint,Piece,Pieces,88.2,115,1,
SENSODYNE DEEP CLEAN 100G,Personal Care,,Piece,Pieces,92.18,120,2,
SENSODYNE( GumCare)100g,Personal Care,GumCare,Piece,Pieces,131.13,170,2,
SHELO GEL 200/100MG (Aluminum Magnesium),Digestive Health,Aluminum Magnesium,Gel,Topical,0.9,2,1,
SHORT BONDPAPER 1'S,General (Stationery),,Piece,Pieces,0.34,0.5,490,
SHORT BONDPAPER PACK 500'S,General (Stationery),,Pack,Pieces,2,5,78,
Shower cap Blue,Personal Care,,Capsule,Pieces,1.8,5,78,
SILICONE LARGE  (Best),Baby & Child Care,Best,Piece,Pieces,18,24,17,
SILICONE MEDIUM  (Best),Baby & Child Care,Best,Piece,Pieces,18,24,61,was_negative_stock
SILICONE WIDENECK nipple (Best),Baby & Child Care,Best,Piece,Pieces,29,39,12,
SILKA FC PAPAYA 150ML,Personal Care,,Piece,Pieces,40.92,53,1,was_negative_stock
SILKA FC PAPAYA 75ML,Personal Care,,Piece,Pieces,26.33,35,4,
SILKA GREEN (LOTION) 100ml,Personal Care,LOTION,Lotion,Liquid,58.75,76,3,
SILKA GREEN (LOTION) 200ml,Personal Care,LOTION,Lotion,Liquid,107.07,141,2,
SILKA GREEN (SOAP) 65G,Personal Care,SOAP,Soap,Pieces,18.33,24,8,
SILKA GREEN (SOAP) 90g,Personal Care,SOAP,Soap,Pieces,32.17,42,3,
SILKA ORANGE (LOTION) 100ml,Personal Care,LOTION,Lotion,Liquid,53.7,72,3,
SILKA ORANGE (LOTION) 200ml,Personal Care,LOTION,Lotion,Liquid,98.07,129,3,
SILKA PAPAYA (SOAP) 65G,Personal Care,SOAP,Soap,Pieces,15.28,20,11,
SILKA PAPAYA (SOAP) 90g,Personal Care,SOAP,Soap,Pieces,29.13,40,2,
Simvastatin 10mg (SIMVASYN),Heart Health,SIMVASYN,Piece,Pieces,0.69,2,0,no_stock
Simvastatin 10mg (ZIMVAST),Heart Health,ZIMVAST,Piece,Pieces,1.12,2.5,12,
SINECOD FORTE (Butamirate citrate),Cough & Cold,Butamirate citrate,Piece,Pieces,19.62,23,0,no_stock; was_negative_stock
SINECOD FORTE SYRUP 120ML,Cough & Cold,,Syrup,Liquid,246.39,283,3,
Sinudrin 60ml (Phenylpropanolamine),Allergy & Sinus,Phenylpropanolamine,Piece,Pieces,17,45,9,was_negative_stock
SINUDRIN DROPS (PPA) 15ML,Allergy & Sinus,PPA,Drops,Liquid,16.2,35,20,
Sinupret Forte,Cough & Cold,,Piece,Pieces,16.57,20,101,was_negative_stock
Sinupret tab,Cough & Cold,,Tablet,Pieces,12.79,15,37,
SINUTAB COLD Para+Phenylephrine,Cough & Cold,,Tablet,Pieces,9.83,12,17,was_negative_stock
SINUTAB COLD PLUS (Para+phenylephrine),Cough & Cold,Para+phenylephrine,Tablet,Pieces,12.73,15,17,
SISTER PANTYLINER (20+2),Personal Care,20+2,Piece,Pieces,17.61,25,1,was_negative_stock
SISTER PINK WITH WINGS 8s,Personal Care,,Piece,Pieces,20.02,28,5,
SISTERS net side night 8+1 VIOLET,Personal Care,,Piece,Pieces,25.57,33,0,no_stock; was_negative_stock
SISTERS Night Plus With Wings 8s,Personal Care,,Piece,Pieces,22.2,30,0,no_stock; was_negative_stock
SISTERS NON WING 8s (GREEN),Personal Care,GREEN,Piece,Pieces,17.61,24,0,no_stock
SISTERS RED NON WING 8's,Personal Care,,Piece,Pieces,17.61,23,15,
Sit cane,Personal Care,,Device,Pieces,450,650,4,
SITAGMIN 50/500MG (SITAGLIPIN + METFORMIN),Diabetes Care,SITAGLIPIN + METFORMIN,Piece,Pieces,9.83,20,4,
SITIBAST 40MG (FEBUXOSTAT),Diabetes Care,FEBUXOSTAT,Piece,Pieces,4.17,20,22,
SKELAN 550mg tab (Naproxen),Pain Relief,Naproxen,Tablet,Pieces,21.22,25,0,no_stock; was_negative_stock
SKYFLAKES (CONDENSADA),Food & Beverages,CONDENSADA,Piece,Pieces,6.85,9,18,
SKYFLAKES (GARLIC),Vitamins & Supplements,GARLIC,Piece,Pieces,6.1,9,0,no_stock; was_negative_stock
SKYFLAKES (ONION),Food & Beverages,ONION,Piece,Pieces,6.1,9,1,was_negative_stock
SKYFLAKES (SWEET BUTTER),Food & Beverages,SWEET BUTTER,Piece,Pieces,6.9,9,0,no_stock
SKYFLAKES (TSOKOLATE),Food & Beverages,TSOKOLATE,Piece,Pieces,6.9,9,11,
SKYFLAKES Crackers 25g,Food & Beverages,,Piece,Pieces,5.8,8,32,was_negative_stock
SLEEPWELL 3mg,Personal Care,,Piece,Pieces,13.2,16,0,no_stock; was_negative_stock
Snuggle 198g (Renuzit),Personal Care,Renuzit,Piece,Pieces,54,74,1,
Sodium Chloride 0.9% 50ml(ROYSAL),First Aid,ROYSAL,Piece,Pieces,49,80,7,
SOLMUX 100mg/60ml Carbocisteine,Cough & Cold,,Piece,Pieces,109.52,129,4,was_negative_stock
SOLMUX 200mg/120ml (Carbocisteine),Cough & Cold,Carbocisteine,Piece,Pieces,193.68,223,8,
SOLMUX 200mg/60ml (Carbocisteine),Cough & Cold,Carbocisteine,Piece,Pieces,127.75,147,1,
SOLMUX 500mg (Carbocisteine),Cough & Cold,Carbocisteine,Piece,Pieces,10.81,12.5,0,no_stock; was_negative_stock
SOLMUX 6+1,Cough & Cold,,Piece,Pieces,64.87,75,0,no_stock; was_negative_stock
SOLMUX ADV. 5+1,Cough & Cold,,Piece,Pieces,68.4,79,4,
SOLMUX ADVANCE ZINC 60ml (Carbocisteine+Zinc),Cough & Cold,Carbocisteine+Zinc,Piece,Pieces,140.56,162,352,
SOLMUX ADVANCE ZINC cap(Carbocisteine),Cough & Cold,Carbocisteine,Capsule,Pieces,13.68,16,23,
SOLMUX BRONCHO cap (Salbutamol+carbocisteine),Cough & Cold,Salbutamol+carbocisteine,Capsule,Pieces,16.89,20,12,
SOLMUX drops (Carbocisteine),Cough & Cold,Carbocisteine,Drops,Liquid,123.16,142,4,
SOLMUX THROAT SPRAY 30ML,Cough & Cold,,Spray,Liquid,350,403,0,no_stock
SOLVOMOX 2MG (Salbutamol+Guaifenesin),Cough & Cold,Salbutamol+Guaifenesin,Piece,Pieces,1,3,0,no_stock
SONAP 500MG (NAPROXEN),Pain Relief,NAPROXEN,Piece,Pieces,3.9,9,0,no_stock
SPANISH LATTE,Food & Beverages,,Piece,Pieces,12,18,108,
SPIROPHIL 25MG (SPIRONOLACTONE),Heart Health,SPIRONOLACTONE,Piece,Pieces,2.5,7,30,
SPOREBIOTIC KIDS SACHET,Eye & Ear Care,,Sachet,Pieces,26.67,31,30,
SPOREVAM 2 (BACILLUS CLAUSII),Vitamins & Supplements,BACILLUS CLAUSII,Piece,Pieces,14.5,37,0,no_stock
SPRITE 1.5ML,Food & Beverages,,Piece,Pieces,59,70,0,no_stock
SPRITE MISMO 290ML,Food & Beverages,,Piece,Pieces,16,21,0,no_stock; was_negative_stock
SQCEF 125mg/50ml (Cefuroxime),Antibiotics,Cefuroxime,Piece,Pieces,90,180,4,
SQCEF 250mg/50ml (Cefuroxime),Antibiotics,Cefuroxime,Piece,Pieces,102,210,2,
ST. BARACHIEL(MULTIVITAMINS),Vitamins & Supplements,MULTIVITAMINS,Piece,Pieces,1,2,0,no_stock; was_negative_stock
STERILE STOOL cup,Medical Devices & Consumables,,Piece,Pieces,11,20,25,was_negative_stock
STREPSILS 8s COOL,Personal Care,,Piece,Pieces,68.14,83,6,was_negative_stock
STREPSILS 8S LEMON,Personal Care,,Piece,Pieces,68.22,83,4,was_negative_stock
STREPSILS DRY COUGH 6'S,Personal Care,,Piece,Pieces,74.99,86,5,
STREPSILS EXTRA STRONG 8'S,Personal Care,,Piece,Pieces,68.14,83,5,was_negative_stock
STREPSILS ORANGE 8S,Personal Care,,Piece,Pieces,68.14,83,64,was_negative_stock
STRESSTABS (Multivitamins+Iron),Vitamins & Supplements,Multivitamins+Iron,Piece,Pieces,10.22,12,5,was_negative_stock
STRESSTABS 30' (Multivitamins+Iron),Vitamins & Supplements,Multivitamins+Iron,Piece,Pieces,286.93,330,0,no_stock; was_negative_stock
STYLEX GEL 125G (CLEAR),Personal Care,CLEAR,Gel,Topical,30.8,45,2,
STYLEX GEL 125G (GREEN),Personal Care,GREEN,Gel,Topical,30.8,45,3,
STYLEX GEL 125G (YELLOW),Personal Care,YELLOW,Gel,Topical,30.8,45,3,
STYLEX GEL 50G(CLEAR),Personal Care,CLEAR,Gel,Topical,17.7,23,0,no_stock; was_negative_stock
SUMO mini cookies and cream,Food & Beverages,,Cream,Topical,5.9,8,21,
SUNDAE馃崼CHOCOLATE,Food & Beverages,,Piece,Pieces,17,23,1,
SUNDAE馃崜STRAWBERRY,Food & Beverages,,Piece,Pieces,17,23,0,no_stock
SUNSILK SHAMPOO STRONG&LONG 15ML,Personal Care,,Piece,Pieces,5.85,8,0,no_stock
SUPER SNACK MIXED (Alibaba),Food & Beverages,Alibaba,Piece,Pieces,16.99,25,10,
SUPRANEURON (Vit. B complex),Vitamins & Supplements,Vit. B complex,Piece,Pieces,19.68,23,102,
SUPRAPHIL 200MG (CEFIXIME),Antibiotics,CEFIXIME,Piece,Pieces,4.67,15,16,
SUREGUARD L (ADULT DIAPER),Baby & Child Care,ADULT DIAPER,Piece,Pieces,20.4,26.5,17,
SUREGUARD M (ADULT DIAPER),Baby & Child Care,ADULT DIAPER,Piece,Pieces,18.5,24,7,
SURGICAL GLOVES 7.0 (INDOPLAS),Medical Devices & Consumables,INDOPLAS,Piece,Pieces,19,35,0,no_stock
SURRMED BP APPARATUS DIGITAL,Medical Devices & Consumables,,Piece,Pieces,750,1300,1,
SWAK ADULT PLUS BB 33G,Food & Beverages,,Piece,Pieces,17,22,6,
SWISS PROLI LEAN QUICK GUMMIES,Vitamins & Supplements,,Piece,Pieces,487,750,3,
SWISS PROLI NIGHT GUMMIES,Vitamins & Supplements,,Piece,Pieces,599,750,2,
SWISS PROLI NIGHT SACHET 10'S,Vitamins & Supplements,,Sachet,Pieces,139.5,185,0,no_stock
SYMDEX 60ml (Phenyl+chlrp+para),Cough & Cold,Phenyl+chlrp+para,Piece,Pieces,41,85,3,
SYMDEX D FORTE (Phenyl+chlorp+para),Cough & Cold,Phenyl+chlorp+para,Piece,Pieces,2.35,6,292,
SYMDEX drops 15ml (Phenyl+chlrp+para),Cough & Cold,Phenyl+chlrp+para,Drops,Liquid,42,84,8,
SYMDEX-D (Phenyl+chlorp+para),Cough & Cold,Phenyl+chlorp+para,Piece,Pieces,1.9,4,345,was_negative_stock
SYRINGE Disposable  10CC(PARTNERS),Medical Devices & Consumables,PARTNERS,Syringe,Pieces,4,10,0,no_stock
SYRINGE Disposable  1cc (SUREGUARD),Medical Devices & Consumables,SUREGUARD,Syringe,Pieces,2.6,5,25,was_negative_stock
SYRINGE Disposable  3cc (SUREGUARD),Medical Devices & Consumables,SUREGUARD,Syringe,Pieces,2.75,7.5,4,
SYRINGE Disposable  5cc (SUREGUARD),Medical Devices & Consumables,SUREGUARD,Syringe,Pieces,3,9,15,
SYRINGE Disposable 10cc (SUREGUARD),Medical Devices & Consumables,SUREGUARD,Syringe,Pieces,4,10,22,
SYRINGE DISPOSABLE 3CC (INDOPLAS),Medical Devices & Consumables,INDOPLAS,Syringe,Pieces,2.75,7,17,
SYSTOCOR 5mg (Prednisone),Allergy & Sinus,Prednisone,Piece,Pieces,0.65,2,241,
Tai Chi 30ml Chili Liniment,Personal Care,,Piece,Pieces,99,124,3,
Tai Chi 30ml Ginger Liniment,Personal Care,,Piece,Pieces,99,124,2,
TAICHI CS EUCALYPTUS 5ML,Personal Care,,Piece,Pieces,78,98,2,
TAICHI CS LAVENDER 5ML,Personal Care,,Piece,Pieces,78,98,0,no_stock; was_negative_stock
TAMDOME 400MG (TAMSULOSIN),Heart Health,TAMSULOSIN,Piece,Pieces,5.53,15,1,
Tamsulosin 200mg (SULTAM),Heart Health,SULTAM,Piece,Pieces,4.5,11.5,36,
TAMSUSAPH 400MG (TAMSULOSIN),Heart Health,TAMSULOSIN,Piece,Pieces,4.8,15,77,was_negative_stock
TANYA E 400,Vitamins & Supplements,,Piece,Pieces,3.01,9,30,
TAPDIN 20MG,Heart Health,,Piece,Pieces,21.75,24.75,130,
TAPDIN 5mg (Methimazole),Heart Health,Methimazole,Piece,Pieces,6.53,8,0,no_stock; was_negative_stock
Tawas pwdr scented (HAILEYS),Personal Care,HAILEYS,Piece,Pieces,14.8,20,17,was_negative_stock
TEGADERM 10x5,First Aid,,Piece,Pieces,109,142,7,
TEGADERM 15x5,First Aid,,Piece,Pieces,149,193,1,
TEGUTECH SPRAY,First Aid,,Spray,Liquid,0,0.0,0,no_stock; CALCULATED
TELMIBET 80MG (TELMISARTAN),Heart Health,TELMISARTAN,Piece,Pieces,4,11,15,
TELMICOR 40MG (TELMISARTAN),Heart Health,TELMISARTAN,Piece,Pieces,2.5,8,0,no_stock; was_negative_stock
TELSITAN 40MG (TELMISARTAN ),Heart Health,TELMISARTAN,Piece,Pieces,2.12,8,6,
TELSITAN 80MG (TELMISARTAN),Heart Health,TELMISARTAN,Piece,Pieces,3,11,3,
TEMPRA  120ml ORANGE ( Paracetamol ),Pain Relief,Paracetamol,Piece,Pieces,163.01,197,5,
TEMPRA 120ml S.BERRY ( Paracetamol ),Pain Relief,Paracetamol,Piece,Pieces,171.16,197,6,was_negative_stock
TEMPRA 60ml  ORANGE ( Paracetamol),Pain Relief,Paracetamol,Piece,Pieces,99.56,115,8,
TEMPRA 60ML S.BERRY ( Paracetamol ),Pain Relief,Paracetamol,Piece,Pieces,99.56,115,10,was_negative_stock
TEMPRA drops 15ml (Paracetamol),Pain Relief,Paracetamol,Drops,Liquid,82.97,96,7,was_negative_stock
TEMPRA Drops 30ml 馃崐 ( Paracetamol ),Pain Relief,Paracetamol,Drops,Liquid,139.18,160,8,was_negative_stock
TEMPRA FORTE 120ml ORANGE( Paracetamol ),Pain Relief,Paracetamol,Piece,Pieces,251.84,290,4,
TEMPRA FORTE 120ml S.BERRY (Paracetamol),Pain Relief,Paracetamol,Piece,Pieces,251.84,290,4,
TEMPRA FORTE 500mg (Paracetamol),Pain Relief,Paracetamol,Piece,Pieces,3.92,6,20,
TEMPRA FORTE 60ml ORANGE ( Paracetamol ),Pain Relief,Paracetamol,Piece,Pieces,153.32,176,9,was_negative_stock
TEMPRA FORTE 60ml S.BERRY (Paracetamol),Pain Relief,Paracetamol,Piece,Pieces,153.32,176,8,
Tender Care 100g Talc MILD,Personal Care,,Piece,Pieces,50.65,66,5,was_negative_stock
Tender Care 100g Talc PINK SOFT,Personal Care,,Piece,Pieces,48.53,63,5,
TENDER CARE 50G SAKURA,Personal Care,,Piece,Pieces,29.86,39,4,was_negative_stock
Tender Care 50g Talc MILD,Personal Care,,Piece,Pieces,25.82,34,10,was_negative_stock
Tender Care 50g Talc PINK SOFT,Personal Care,,Piece,Pieces,25.82,34,3,was_negative_stock
Tender Care Soap  Classic 80g,Personal Care,,Soap,Pieces,29.61,40,4,was_negative_stock
Tender Care soap 80g Pink blossom,Personal Care,,Soap,Pieces,28.68,40,4,
Tender Care soap Classic 115g,Personal Care,,Soap,Pieces,40.3,52,5,
Tender Care Soap Pink Blossom 115g,Personal Care,,Soap,Pieces,40.3,52,1,was_negative_stock
TENDER LOVE SCENTED WIPES 80'S,Personal Care,,Wipes,Pieces,40.5,53,0,no_stock; was_negative_stock
TENDER SOAP SAKURA 5+1,Personal Care,,Soap,Pieces,87.7,88,0,no_stock
TENDERLOVE BABY WIPES 80' UNSCENTED,Baby & Child Care,,Wipes,Pieces,40.5,53,3,
Tendersoft 150's ( Cotton Balls),First Aid,Cotton Balls,Cotton,Pieces,40,80,3,
Tendersoft 300' (Cotton Balls),First Aid,Cotton Balls,Cotton,Pieces,63,132,2,
TENDERSOFT 50's (COTTON BALLS),First Aid,COTTON BALLS,Cotton,Pieces,22,45,5,
TERASART 40MG (TELMISARTAN),Heart Health,TELMISARTAN,Piece,Pieces,2.1,8,296,was_negative_stock
TERAZIDINE 35mg (Trimetazidine),Heart Health,Trimetazidine,Piece,Pieces,1.6,10,280,was_negative_stock
TERUFUSION BT SET,Medical Devices & Consumables,,Piece,Pieces,50,100,0,no_stock
THOSEDAYS WHITE 8s,Personal Care,,Piece,Pieces,15.41,20,3,was_negative_stock
THOSEDAYS RED w/wings 8s,Personal Care,,Piece,Pieces,19.53,25,1,was_negative_stock
THOSEDAYS PINK 8'S,Personal Care,,Piece,Pieces,16.85,22,3,
THOSEDAYS THINS 8s,Personal Care,,Piece,Pieces,14.66,19,1,was_negative_stock
TIGER BALM RED OINTMENT 30G,Personal Care,,Ointment,Topical,105.4,132,1,
TIGER BALM WHITE OINTMENT 30G,Personal Care,,Ointment,Topical,105.4,137,1,
Tiki-tiki Plus drops 15ml,Vitamins & Supplements,,Drops,Liquid,63.62,74,7,
Tiki-tiki Plus drops 30ml,Vitamins & Supplements,,Drops,Liquid,101.58,117,6,
Tiki-tiki syrup 120ml,Vitamins & Supplements,,Syrup,Liquid,137.96,159,4,
Tiki-tiki syrup 60ml,Vitamins & Supplements,,Syrup,Liquid,76.74,89,9,
TOBRADEPORS OPTH. (TOBRA+DEXA),Eye & Ear Care,TOBRA+DEXA,Piece,Pieces,60,220,0,no_stock
TOBRASON OPTH.(TOBRA+DEXA),Eye & Ear Care,TOBRA+DEXA,Piece,Pieces,120,220,0,no_stock
TOBRIN OPHTH.(TOBRAMYCIN),Eye & Ear Care,TOBRAMYCIN,Piece,Pieces,68,200,0,no_stock
TOCEF 20MG/10ML (CEFIXIME),Antibiotics,CEFIXIME,Piece,Pieces,72,180,1,
Tolak Angin,Personal Care,,Piece,Pieces,10.58,14,54,was_negative_stock
TOLAK ANGIN ANAK,Personal Care,,Piece,Pieces,10.75,14,0,no_stock
TOLAK ANGIN ROLL ON 10ML,Personal Care,,Roll,Roll,45,60,9,was_negative_stock
Toothache drops 7.5ml,Personal Care,,Drops,Liquid,18.84,28,4,
TORICARD 5MG (NEBIVOLOL),Heart Health,NEBIVOLOL,Piece,Pieces,7,15,44,was_negative_stock
TORO MEN VITAMINS 2'S,Vitamins & Supplements,,Piece,Pieces,200,230,0,no_stock
TORTILLOS BBQ 25G,Food & Beverages,,Piece,Pieces,7.5,10,10,
TORTILLOS CHEESE 25G,Food & Beverages,,Piece,Pieces,7.5,10,1,
Toyo Small,Food & Beverages,,Piece,Pieces,35,50,4,
Tranext 500mg(Tranexamic),Vitamins & Supplements,Tranexamic,Piece,Pieces,4.2,9,103,was_negative_stock
TRANOVA 500MG (TRANEXAMIC),Vitamins & Supplements,TRANEXAMIC,Piece,Pieces,4.4,9,7,
TRIANGULAR BANDAGE WHITE,First Aid,,Bandage,Pieces,55,130,0,no_stock
TRIMEBET 35MG (TRIMETAZIDINE),Heart Health,TRIMETAZIDINE,Piece,Pieces,2.33,10,93,
Trimetazidine 35mg (VESTAR),Heart Health,VESTAR,Piece,Pieces,24.67,28.5,0,no_stock
TRISODEX 300MG (URSO DEOXYCHOLIC ACID),Digestive Health,URSO DEOXYCHOLIC ACID,Piece,Pieces,18,36,94,
TROSYD 3.5g ( Tioconazole ),Skin Care,Tioconazole,Piece,Pieces,177.89,213,0,no_stock
TROVIPRI 20MG (ATORVASTATIN),Heart Health,ATORVASTATIN,Piece,Pieces,1.2,5,0,no_stock
TROVIPRI 40MG (ATORVASTATIN ),Heart Health,ATORVASTATIN,Piece,Pieces,1.75,6,0,no_stock
TROVIPRI 80MG (ATORVASTATIN),Heart Health,ATORVASTATIN,Piece,Pieces,4.5,12,269,
TRUST CONDOM (regular),Personal Care,regular,Piece,Pieces,22.31,35,16,
TRUST CONDOM (Strawberry),Personal Care,Strawberry,Piece,Pieces,24.03,35,14,was_negative_stock
TRUST PILL (Ethinyl+lvnrgtrl Ferrous fmrt),Personal Care,Ethinyl+lvnrgtrl Ferrous fmrt,Piece,Pieces,51,59,18,was_negative_stock
TUSERAN 6+1,Cough & Cold,,Piece,Pieces,62.09,78,32,
TUSERAN FORTE (Dextro+phenyl+Para),Cough & Cold,Dextro+phenyl+Para,Piece,Pieces,11.55,13.5,284,was_negative_stock
TUSERAN NIGHT 60ML,Cough & Cold,,Piece,Pieces,131.13,151,4,
TWYNSTA  40/5mg (Telmi+Amlo),Heart Health,Telmi+Amlo,Piece,Pieces,19.22,22.75,67,was_negative_stock
TWYNSTA 40/10MG TABLET,Heart Health,,Tablet,Pieces,19.22,23,67,was_negative_stock
ULTIMA (Mineral+Ginseng),Vitamins & Supplements,Mineral+Ginseng,Piece,Pieces,11.06,13,30,
UNDERPADS 10'S ADULT (SURE GUARD),Baby & Child Care,SURE GUARD,Piece,Pieces,14.5,20,14,
URAL EFFERVESCENT GRANULES 4GMS,Digestive Health,,Piece,Pieces,27.31,32,41,
URINE BAG ADULT (SUREGUARD),Medical Devices & Consumables,SUREGUARD,Piece,Pieces,22,45,1,
URINE BAG PEDIA (Partners),Medical Devices & Consumables,Partners,Piece,Pieces,4.2,20,1,
URINE BAG PEDIA (Surgitech),Medical Devices & Consumables,Surgitech,Piece,Pieces,4.2,20,0,no_stock
URINE cup,Medical Devices & Consumables,,Piece,Pieces,6,15,20,
UROMID 40mg (FUROSEMIDE),Heart Health,FUROSEMIDE,Piece,Pieces,0.55,2,24,
VALERI CREAM (BETAMETHASONE) 10G,Skin Care,BETAMETHASONE,Cream,Topical,35,150,0,no_stock
VANEULAR  (Vit. B complex),Vitamins & Supplements,Vit. B complex,Piece,Pieces,21.48,25,16,
VANILLA CRUNCH,Food & Beverages,,Piece,Pieces,22.2,30,15,was_negative_stock
VASELINE LOT. EXTRA BRIGHT. 100ML,Personal Care,,Piece,Pieces,126.02,164,0,no_stock
VCUT SPICY BBQ 25G,Food & Beverages,,Piece,Pieces,17,22,7,was_negative_stock
VELMETIA 50/1G (SITAGLIPTIN/METFORMIN),Diabetes Care,SITAGLIPTIN/METFORMIN,Piece,Pieces,20.87,26,67,was_negative_stock
VELMETIA 50/500MG (SITAGLIPTIN/METFORMIN),Diabetes Care,SITAGLIPTIN/METFORMIN,Piece,Pieces,20.75,24,32,was_negative_stock
VENTOLIN 100mg/60ml (Salbutamol),Cough & Cold,Salbutamol,Piece,Pieces,262.89,302,1,
VENTOLIN EXPECTORANT 100ml/60ml (Salbu+Guai),Cough & Cold,Salbu+Guai,Piece,Pieces,279.4,321,0,no_stock
VENTOLIN NEBULES 2.5mg (Salbutamol),Cough & Cold,Salbutamol,Piece,Pieces,40.86,47.25,0,no_stock
VENTOMAX 2mg (Salbutamol)2mg,Cough & Cold,Salbutamol,Piece,Pieces,0.28,2.5,113,
VENTOMAX 4mg (Salbutamol),Cough & Cold,Salbutamol,Piece,Pieces,0.45,3,112,
VENTREX-G 2/100MG (SALBU+GUAIFENESIN),Cough & Cold,SALBU+GUAIFENESIN,Piece,Pieces,0.91,3,35,
VERTAMIN 16MG (BETAHISTINE),Heart Health,BETAHISTINE,Piece,Pieces,2.77,15,9,
VERTEX 25MG (CINNARIZINE ),Allergy & Sinus,CINNARIZINE,Piece,Pieces,0.75,2,74,
VFRESH,Personal Care,,Piece,Pieces,0.68,2,4,
VICKS 10g,Personal Care,,Piece,Pieces,52.21,68,10,
VICKS 25g,Personal Care,,Piece,Pieces,111.55,145,4,
VICKS 50g,Personal Care,,Piece,Pieces,190.49,248,3,
VICKS 5g,Personal Care,,Piece,Pieces,29.52,43,7,
VICKS baby balm 20g,Baby & Child Care,,Piece,Pieces,91.4,119,3,
VICKS baby balm 45g,Baby & Child Care,,Piece,Pieces,175.13,230,3,
VICKS EXTRA STRONG 10G,Personal Care,,Piece,Pieces,63.75,83,2,
VICKS FORMULA 44 100ml (Dextromethorphan),Cough & Cold,Dextromethorphan,Piece,Pieces,154.39,192,6,was_negative_stock
VICKS FORMULA 44 54ml (Dextromethorphan),Cough & Cold,Dextromethorphan,Piece,Pieces,97.62,117,6,
VICKS Inhaler,Personal Care,,Inhaler,Pieces,96.75,126,26,was_negative_stock
VICKS XTRA STRONG 25G,Personal Care,,Piece,Pieces,141.59,184,2,
VICTORY 1/4 PAD,Personal Care,,Pad,Pieces,8.5,15,5,
VICTORY CROSSWISE PAD,Personal Care,,Pad,Pieces,15,20,10,
VICTORY LENGTHWISE PAD,Personal Care,,Pad,Pieces,15,20,10,
Vit. B complex cap (VITAPLEX-B),Vitamins & Supplements,VITAPLEX-B,Capsule,Pieces,4,8.75,244,was_negative_stock
VITA EYES SYRP 120ML,Vitamins & Supplements,,Syrup,Liquid,288,331,5,
VITA KERATIN TWIN,Personal Care,,Piece,Pieces,8,15,10,
VITCEE PLUS 60ML (ASCORBIC+ZINC ),Vitamins & Supplements,ASCORBIC+ZINC,Piece,Pieces,20.5,50,0,no_stock
VITRESS OIL 15ML (HAIR REPAIR),Personal Care,HAIR REPAIR,Piece,Pieces,60.55,76,0,no_stock
VITRESS OIL 30ML (HAIR REPAIR),Personal Care,HAIR REPAIR,Piece,Pieces,92.76,116,0,no_stock
VIVALYTE Apple 250ml,Baby & Child Care,,Piece,Pieces,43,55,11,was_negative_stock
VIVALYTE Orange 250ml,Baby & Child Care,,Piece,Pieces,47.3,59,9,was_negative_stock
VN2 2MG/5ML SYR (SALBUTAMOL),Cough & Cold,SALBUTAMOL,Syrup,Liquid,13.5,45,6,
WAFER CHEESE 50g(Nissin),Food & Beverages,Nissin,Piece,Pieces,12.25,17,0,no_stock
WAFER D' CHOCO 55g(Nissin),Food & Beverages,Nissin,Piece,Pieces,12.9,17,14,
WAFER King Cheese (Nissin),Food & Beverages,Nissin,Piece,Pieces,5.73,8,8,
WAFER King Choco (Nissin),Food & Beverages,Nissin,Piece,Pieces,5.73,8,5,
WAFER PEANUT BUTTER 50g(Nissin),Food & Beverages,Nissin,Piece,Pieces,12.25,17,0,no_stock
WAFER STICK CHOCO馃崼(Nissin),Food & Beverages,Nissin,Piece,Pieces,5.95,8,10,was_negative_stock
WAFER STICK STRAW馃崜 (Nissin),Food & Beverages,Nissin,Piece,Pieces,5.95,8,7,was_negative_stock
Waffle Deluxe 23g (Nissin),Food & Beverages,Nissin,Piece,Pieces,11.34,15,0,no_stock
WATSONAL CASTORIA 30ML,Vitamins & Supplements,,Piece,Pieces,133.76,155,2,
Watsonal Castoria 60ml,Vitamins & Supplements,,Piece,Pieces,184.8,213,2,
WHITE FLOWER no.4 2.5ml,Personal Care,,Piece,Pieces,48.5,63,12,
WHITE FLOWER no.5 1.5ml,Personal Care,,Piece,Pieces,36.38,47,16,
WHITE LONG FOLDER,General (Stationery),,Piece,Pieces,5,8,3,
WHITE SHORT FOLDER,General (Stationery),,Piece,Pieces,4,6,5,
Whitening activated cream,Skin Care,,Cream,Topical,300,399,1,
WIGGIES 1.5L馃崻COOKIES CREAM,Food & Beverages,,Cream,Topical,235,305,0,no_stock
WIGGIES 1.5ML鈽旵AFE MOCHA,Food & Beverages,,Piece,Pieces,235,305,1,
Wiggies 1.5ml馃AVOCADO,Food & Beverages,,Piece,Pieces,215,280,0,no_stock
Wiggies 1.5ml馃崼CHOCOLATE,Food & Beverages,,Piece,Pieces,215,280,1,
Wiggies 1.5ml馃崍MELON,Food & Beverages,,Piece,Pieces,215,280,0,no_stock
Wiggies 1.5ml馃煟馃UBE KESO,Food & Beverages,,Piece,Pieces,215,280,0,no_stock
WIGGIES 750ML鈽旵AFE MOCHA,Food & Beverages,,Piece,Pieces,130,169,0,no_stock; was_negative_stock
Wiggies 750ml馃AVOCADO,Food & Beverages,,Piece,Pieces,115,150,1,
Wiggies 750ml馃崼CHOCOLATE,Food & Beverages,,Piece,Pieces,115,150,0,no_stock
WIGGIES 750ML馃崻COOKIES CREAM,Food & Beverages,,Cream,Topical,130,169,0,no_stock
Wiggies 750ml馃崍MELON,Food & Beverages,,Piece,Pieces,115,150,1,
Wiggies 750ml馃煟馃UBE KESO,Food & Beverages,,Piece,Pieces,115,150,1,
WILKINS 1L DISTILLED,Food & Beverages,,Piece,Pieces,23.33,30,6,
WILKINS 1L PURE,Food & Beverages,,Piece,Pieces,16,25,27,was_negative_stock
WILKINS 330Ml PURE,Food & Beverages,,Piece,Pieces,7.2,12,0,no_stock; was_negative_stock
WILKINS 500ML DISTILLED,Food & Beverages,,Piece,Pieces,15.21,20,1,
WILKINS 500ML PURE,Food & Beverages,,Piece,Pieces,9.36,15,0,no_stock; was_negative_stock
WILKINS 7L DISTILLED,Food & Beverages,,Piece,Pieces,80,105,7,was_negative_stock
Wound plaster blue 1s,First Aid,,Piece,Pieces,0.92,2,0,no_stock
Wound plaster green 1s,First Aid,,Piece,Pieces,0.82,2,0,no_stock
Wound plaster pink 1s,First Aid,,Piece,Pieces,0.85,2,2,
Xanthone Plus,Vitamins & Supplements,,Piece,Pieces,12,14,0,no_stock
Xanthone plus Coffee,Vitamins & Supplements,,Piece,Pieces,15.2,19,59,
Xanthone Plus gold,Vitamins & Supplements,,Piece,Pieces,12.51,15,62,was_negative_stock
XCEL (Pregnancy Test),Medical Devices & Consumables,Pregnancy Test,Piece,Pieces,24.75,46,0,no_stock
XELEVIA 100MG (SITAGLIPTIN),Diabetes Care,SITAGLIPTIN,Piece,Pieces,33.36,39,21,
XELEVIA 50MG (SITAGLIPTIN),Diabetes Care,SITAGLIPTIN,Piece,Pieces,32.6,38,11,
XIBORA-120MG(ETORICOXIB) TABLET,Pain Relief,ETORICOXIB,Tablet,Pieces,7.08,30,0,no_stock
XURIC 40MG (FEBUXOSTAT),Diabetes Care,FEBUXOSTAT,Piece,Pieces,4,20,80,was_negative_stock
XYCLOVIRAX 400MG (ACICLOVIR ),Skin Care,ACICLOVIR,Piece,Pieces,6.5,15,0,no_stock
XYLOGEL ORAL GEL,Skin Care,,Gel,Topical,148.5,171,5,was_negative_stock
YAKULT,Food & Beverages,,Piece,Pieces,9,12,5,
YAPPEE BITES 22G,Food & Beverages,,Piece,Pieces,6.25,9,0,no_stock
Yaz Pills,Personal Care,,Piece,Pieces,847.48,975,1,was_negative_stock
YELLOW PAD EXCELLENT,Medical Devices & Consumables,,Pad,Pieces,25,33,6,
YOUNGS GEL BLUE 50ML,Personal Care,,Gel,Topical,11.5,16,6,
YOUNGS GEL CLEAR 50ML,Personal Care,,Gel,Topical,11.5,16,1,was_negative_stock
YOUNGS GEL PINK 50ML,Personal Care,,Gel,Topical,9.7,15,4,
YOUNGS POW. 50G WHITE,Personal Care,,Powder,Pieces,16.85,22,3,
YOUNGS POW. BLUE 50G,Personal Care,,Powder,Pieces,16.85,22,0,no_stock
YOUNGS POW. GREEN 50G,Personal Care,,Powder,Pieces,16.61,22,1,
YOUNGS POW. PURPLE 50G,Personal Care,,Powder,Pieces,16.85,22,2,was_negative_stock
YOUNGS YELLOW 50ML BOUQUET,Personal Care,,Piece,Pieces,26.61,33,0,no_stock
Z-NYST ORAL DROPS (NYSTATIN),Antibiotics,NYSTATIN,Drops,Liquid,60,215,0,no_stock; was_negative_stock
ZANIDIP 20MG (LERCANIDIPINE),Heart Health,LERCANIDIPINE,Piece,Pieces,34.74,40,63,was_negative_stock
ZEBET 80mg (Gliclazide),Diabetes Care,Gliclazide,Piece,Pieces,1.3,5,407,was_negative_stock
ZECONCEF 250MG/60ML (CEFUROXIME),Antibiotics,CEFUROXIME,Piece,Pieces,99,210,0,no_stock
ZETRINX 5MG 60ML (CETIRIZINE),Allergy & Sinus,CETIRIZINE,Piece,Pieces,22,90,0,no_stock
Zilgam 200/200mg (Alu+Mag),Digestive Health,Alu+Mag,Piece,Pieces,0.58,3.25,119,
ZIMVAST 40mg (Simvastatin),Heart Health,Simvastatin,Piece,Pieces,2.4,5,99,
ZINC IONOCELL 1'S,Vitamins & Supplements,,Piece,Pieces,27,31,30,
ZINC IONOPHORE SYRP 120ML,Vitamins & Supplements,,Syrup,Liquid,288,331,5,
Zinc sulfate drops 15ml (ZINLUM),Vitamins & Supplements,ZINLUM,Drops,Liquid,19.5,45,5,was_negative_stock
Zinc sulfate syrup 60ml (ZINLUM),Vitamins & Supplements,ZINLUM,Syrup,Liquid,21,65,5,
ZOPAN DS 500MG (MEFENAMIC ACID),Pain Relief,MEFENAMIC ACID,Piece,Pieces,1.1,3,69,
ZOSART 50/12.5 (LOSARTAN + HCTZ),Heart Health,LOSARTAN + HCTZ,Piece,Pieces,1.3,5,60,
ZYKAST 10/5mg (Monte+Levo),Allergy & Sinus,Monte+Levo,Piece,Pieces,25,34,44,was_negative_stock
